0,  Liliaceae 百合科/Tricyrtis formosana 台灣油點草
1,  Iridaceae 鳶尾科/Crocosmia ×crocosmiiflora 射干菖蒲
2,  Lecythidaceae 玉蕊科/Barringtonia racemosa 水茄苳
3,  Lythraceae 千屈菜科/Lagerstroemia flos-reginae 大花紫薇
4,  Orchidaceae 蘭科/Haraella retrocalla 香蘭
5,  Amaryllidaceae 石蒜科/Zephyranthes carinata 韭蘭
6,  Plantaginaceae 車前科/Veronica persica 阿拉伯婆婆納
7,  Asteraceae 菊科/Ageratum conyzoides 藿香薊
8,  Iridaceae 鳶尾科/Belamcanda chinensis 射干
9,  Euphorbiaceae 大戟科/Codiaeum variegatum 變葉木
10,  Gesneriaceae 苦苣苔科/Saintpaulia ionantha 非洲堇
11,  Acanthaceae 爵床科/Pachystachys lutea 黃蝦花
12,  Asteraceae 菊科/Helichrysum bracteatum 麥稈菊
13,  Myrtaceae 桃金孃科/Myrciaria cauliflora 嘉寶果
14,  Ericaceae 杜鵑花科/Moneses uniflora 單花鹿蹄草
15,  Asteraceae 菊科/Galinsoga quadriradiata 粗毛小米菊
16,  Asteraceae 菊科/Ageratum houstonianum 紫花藿香薊
17,  Vitaceae 葡萄科/Ampelopsis brevipedunculata var. hancei 漢氏山葡萄
18,  Euphorbiaceae 大戟科/Euphorbia milii 麒麟花
19,  Oxalidaceae 酢醬草科/Oxalis corniculata 酢漿草
20,  Fabaceae 豆科/Erythrina crista-galli 雞冠刺桐
21,  Lecythidaceae 玉蕊科/Barringtonia asiatica 棋盤腳
22,  Malvaceae 錦葵科/Malvaviscus arboreus 南美朱槿
23,  Bignoniaceae 紫葳科/Pyrostegia venusta 炮仗花
24,  Apocynaceae 夾竹桃科/Trachelospermum jasminoides 絡石
25,  Commelinaceae 鴨跖草科/Rhoeo spathacea 蚌蘭
26,  Garryaceae 絲纓花科/Aucuba japonica 東瀛珊瑚
27,  Bignoniaceae 紫葳科/Spathodea campanulata 火焰木
28,  Acanthaceae 爵床科/Ruellia brittoniana 翠蘆莉
29,  Lythraceae 千屈菜科/Cuphea hyssopifolia 細葉雪茄花
30,  Malvaceae 錦葵科/Chorisia speciosa 美人樹
31,  Lamiaceae 唇形科/Clerodendrum trichotomum 海州常山
32,  Celastraceae 衛矛科/Parnassia palustris 梅花草
33,  Basellaceae 落葵科/Anredera cordifolia 洋落葵
34,  Euphorbiaceae 大戟科/Euphorbia tirucalli 綠珊瑚
35,  Asteraceae 菊科/Eclipta prostrata 鱧腸
36,  Aizoaceae 番杏科/Dorotheanthus bellidiformis 彩虹菊
37,  Acanthaceae 爵床科/Crossandra infundibuliformis 鳥尾花
38,  Ericaceae 杜鵑花科/Monotropa hypopitys 錫杖花
39,  Asteraceae 菊科/Helianthus annuus 向日葵
40,  Vitaceae 葡萄科/Cayratia japonica 虎葛
41,  Asteraceae 菊科/Achillea millefolium 洋蓍草
42,  Malvaceae 錦葵科/Hibiscus syriacus 木槿
43,  Linaceae 亞麻科/Linum usitatissimum 亞麻
44,  Fabaceae 豆科/Bauhinia ×blakeana 豔紫荊
45,  Malvaceae 錦葵科/Urena lobata 野棉花
46,  Euphorbiaceae 大戟科/Euphorbia pulcherrima 聖誕紅
47,  Rosaceae 薔薇科/Prunus campanulata 山櫻花
48,  Euphorbiaceae 大戟科/Jatropha podagrica 珊瑚油桐
49,  Juglandaceae 胡桃科/Juglans cathayensis 野核桃
50,  Crassulaceae 景天科/Kalanchoe blossfeldiana 長壽花
51,  Boraginaceae 紫草科/Symphytum officinale 康復力
52,  Orchidaceae 蘭科/Calanthe triplicata 白鶴蘭
53,  Myrtaceae 桃金孃科/Rhodomyrtus tomentosa 桃金孃
54,  Malvaceae 錦葵科/Alcea rosea 蜀葵
55,  Pandanaceae 露兜樹科/Pandanus utilis 紅刺露兜樹
56,  Gentianaceae 龍膽科/Exacum affine 紫芳草
57,  Euphorbiaceae 大戟科/Ricinus communis 蓖麻
58,  Droseraceae 茅膏菜科/Drosera spatulata 小毛氈苔
59,  Aspleniaceae 鐵角蕨科/Asplenium scolopendrium 對開蕨
60,  Cactaceae 仙人掌科/Hylocereus undatus 三角柱
61,  Geraniaceae 牻牛兒苗科/Geranium robertianum 漢紅魚腥草
62,  Asteraceae 菊科/Cosmos bipinnatus 大波斯菊
63,  Crassulaceae 景天科/Echeveria peacockii 石蓮
64,  Moraceae 桑科/Broussonetia papyrifera 構樹
65,  Berberidaceae 小檗科/Mahonia japonica 十大功勞
66,  Melastomataceae 野牡丹科/Tibouchina semidecandra 巴西野牡丹
67,  Rosaceae 薔薇科/Duchesnea indica 蛇莓
68,  Euphorbiaceae 大戟科/Pedilanthus tithymaloides 紅雀珊瑚
69,  Liliaceae 百合科/Lilium formosanum 台灣百合
70,  Hydrangeaceae 八仙花科/Hydrangea aspera 高山藤繡球
71,  Orchidaceae 蘭科/Cymbidium ensifolium 建蘭
72,  Asteraceae 菊科/Ambrosia artemisiifolia 豬草
73,  Malvaceae 錦葵科/Hibiscus schizopetalus 裂瓣朱槿
74,  Acanthaceae 爵床科/Odontonema strictum 紅樓花
75,  Aizoaceae 番杏科/Aptenia cordifolia 花蔓草
76,  Combretaceae 使君子科/Quisqualis indica 使君子
77,  Campanulaceae 桔梗科/Lobelia erinus 六倍利
78,  Crassulaceae 景天科/Bryophyllum pinnatum 落地生根
79,  Asteraceae 菊科/Wedelia trilobata 南美蟛蜞菊
80,  Lamiaceae 唇形科/Callicarpa formosana 杜虹花
81,  Malvaceae 錦葵科/Hibiscus rosa-sinensis 朱槿
82,  Dilleniaceae 第倫桃科/Dillenia indica 第倫桃
83,  Combretaceae 使君子科/Lumnitzera racemosa 欖李
84,  Fabaceae 豆科/Abrus precatorius 雞母珠
85,  Acanthaceae 爵床科/Thunbergia grandiflora 大鄧伯花
86,  Asteraceae 菊科/Parthenium hysterophorus 銀膠菊
87,  Convolvulaceae 旋花科/Ipomoea quamoclit 蔦蘿
88,  Asteraceae 菊科/Hypochaeris radicata 貓兒菊
89,  Rosaceae 薔薇科/Rosa rugosa 玫瑰
90,  Oxalidaceae 酢醬草科/Oxalis corymbosa 紫花酢漿草
91,  Asteraceae 菊科/Tagetes patula 孔雀草
92,  Euphorbiaceae 大戟科/Sapium sebiferum 烏桕
93,  Asteraceae 菊科/Crassocephalum crepidioides 昭和草
94,  Rosaceae 薔薇科/Eriobotrya japonica 枇杷
95,  Malvaceae 錦葵科/Triumfetta rhomboidea 垂桉草
96,  Podocarpaceae 羅漢松科/Podocarpus macrophyllus 大葉羅漢松
97,  Asteraceae 菊科/Erigeron annuus 白頂飛蓬
98,  Asteraceae 菊科/Tithonia diversifolia 王爺葵
99,  Fabaceae 豆科/Medicago lupulina 天藍苜蓿
100,  Asteraceae 菊科/Sonchus oleraceus 苦滇菜
101,  Asteraceae 菊科/Arctium lappa 牛蒡
102,  Rosaceae 薔薇科/Rhaphiolepis indica var. tashiroi 石斑木
103,  Rubiaceae 茜草科/Gardenia jasminoides 山黃梔
104,  Asteraceae 菊科/Xanthium strumarium 羊帶來
105,  Cucurbitaceae 瓜科/Sechium edule 佛手瓜
106,  Crassulaceae 景天科/Kalanchoe delagoensis 洋吊鐘
107,  Apocynaceae 夾竹桃科/Cerbera manghas 海檬果
108,  Staphyleaceae 省沽油科/Euscaphis japonica 野鴨椿
109,  Talinaceae 土人參科/Talinum paniculatum 土人參
110,  Balsaminaceae 鳳仙花科/Impatiens walleriana 非洲鳳仙花
111,  Meliaceae 楝科/Toona sinensis 香椿
112,  Lamiaceae 唇形科/Clerodendrum inerme 苦林盤
113,  Amaryllidaceae 石蒜科/Tulbaghia violacea 紫嬌花
114,  Caricaceae 番木瓜科/Carica papaya 木瓜
115,  Fabaceae 豆科/Crotalaria juncea 太陽麻
116,  Asteraceae 菊科/Leucanthemum vulgare 法國菊
117,  Amaryllidaceae 石蒜科/Clivia miniata 大花君子蘭
118,  Sapotaceae 山欖科/Manilkara zapota 人心果
119,  Convolvulaceae 旋花科/Ipomoea hederacea 碗仔花
120,  Asteraceae 菊科/Cosmos sulphureus 黃波斯菊
121,  Malvaceae 錦葵科/Heritiera littoralis 銀葉樹
122,  Malvaceae 錦葵科/Pachira macrocarpa 馬拉巴栗
123,  Saururaceae 三白草科/Saururus chinensis 三白草
124,  Lamiaceae 唇形科/Scutellaria indica 印度黃芩
125,  Linderniaceae 母草科/Torenia fournieri 夏菫
126,  Plantaginaceae 車前科/Digitalis purpurea 毛地黃
127,  Malvaceae 錦葵科/Bombax malabaricum 木棉
128,  Calophyllaceae 紅厚殼科/Calophyllum inophyllum 瓊崖海棠
129,  Acanthaceae 爵床科/Thunbergia erecta 立鶴花
130,  Malvaceae 錦葵科/Hibiscus mutabilis 木芙蓉
131,  Gentianaceae 龍膽科/Eustoma russellianum 洋桔梗
132,  Berberidaceae 小檗科/Nandina domestica 南天竹
133,  Moraceae 桑科/Ficus pumila 薜荔
134,  Asteraceae 菊科/Vernonia cinerea 一枝香
135,  Asteraceae 菊科/Gaillardia pulchella 天人菊
136,  Myrtaceae 桃金孃科/Syzygium samarangense 蓮霧
137,  Pinaceae 松科/Pinus morrisonicola 台灣五葉松
138,  Moraceae 桑科/Morus australis 小葉桑
139,  Hypericaceae 金絲桃科/Hypericum nagasawae 玉山金絲桃
140,  Asteraceae 菊科/Carthamus tinctorius 川紅花
141,  Lythraceae 千屈菜科/Lagerstroemia subcostata 九芎
142,  Convolvulaceae 旋花科/Ipomoea hederifolia 心葉鳥蘿
143,  Cleomaceae 醉蝶花科/Cleome spinosa 醉蝶花
144,  Convolvulaceae 旋花科/Ipomoea alba 天茄兒
145,  Malvaceae 錦葵科/Sida rhombifolia 金午時花
146,  Convolvulaceae 旋花科/Ipomoea obscura 野牽牛
147,  Apocynaceae 夾竹桃科/Hoya carnosa 毬蘭
148,  Aspleniaceae 鐵角蕨科/Asplenium ruta-muraria 銀杏葉鐵角蕨
149,  Lygodiaceae 海金沙科/Lygodium japonicum 海金沙
150,  Asteraceae 菊科/Calendula officinalis 金盞花
151,  Pandanaceae 露兜樹科/Pandanus odoratissimus 林投
152,  Orobanchaceae 列當科/Pedicularis verticillata 馬先蒿
153,  Euphorbiaceae 大戟科/Chamaesyce maculata 斑地錦
154,  Orchidaceae 蘭科/Cymbidium dayanum 鳳蘭
155,  Ericaceae 杜鵑花科/Pieris taiwanensis 台灣馬醉木
156,  Asteraceae 菊科/Mikania micrantha 小花蔓澤蘭
157,  Balsaminaceae 鳳仙花科/Impatiens hawkeri 新幾內亞鳳仙
158,  Apocynaceae 夾竹桃科/Gymnema sylvestre 武靴藤
159,  Sapindaceae 無患子科/Acer serrulatum 青楓
160,  Lamiaceae 唇形科/Vitex negundo 黃荊
161,  Malvaceae 錦葵科/Sida cordifolia 圓葉金午時花
162,  Begoniaceae 秋海棠科/Begonia formosana 水鴨腳
163,  Asteraceae 菊科/Cichorium intybus 菊苣
164,  Malpighiaceae 黃褥花科/Tristellateia australasiae 三星果藤
165,  Malvaceae 錦葵科/Abutilon striatum 風鈴花
166,  Fabaceae 豆科/Albizia lebbeck 大葉合歡
167,  Liliaceae 百合科/Tulipa gesneriana 鬱金香
168,  Lamiaceae 唇形科/Clerodendrum thomsoniae 龍吐珠
169,  Pinaceae 松科/Pinus taiwanensis 台灣二葉松
170,  Caprifoliaceae 忍冬科/Scabiosa atropurpurea 松蟲草
171,  Convolvulaceae 旋花科/Evolvulus alsinoides 土丁桂
172,  Lamiaceae 唇形科/Melissa officinalis 香蜂草
173,  Liliaceae 百合科/Tricyrtis formosana var. stolonifera 山油點草
174,  Salicaceae 楊柳科/Salix babylonica 垂柳
175,  Orchidaceae 蘭科/Spiranthes sinensis 綬草
176,  Fabaceae 豆科/Desmodium triflorum 蠅翼草
177,  Cyatheaceae 桫欏科/Cyathea lepifera 筆筒樹
178,  Hydrangeaceae 八仙花科/Hydrangea macrophylla 繡球花
179,  Molluginaceae 粟米草科/Mollugo verticillata 光葉粟米草
180,  Lamiaceae 唇形科/Caryopteris incana 灰葉蕕
181,  Myrtaceae 桃金孃科/Psidium guajava 番石榴
182,  Araceae 天南星科/Arisaema ringens 申跋
183,  Malvaceae 錦葵科/Firmiana simplex 梧桐
184,  Fabaceae 豆科/Clitoria ternatea 蝶豆
185,  Altingiaceae 蕈樹科/Liquidambar formosana 楓香
186,  Lamiaceae 唇形科/Solenostemon scutellarioides 彩葉草
187,  Cactaceae 仙人掌科/Epiphyllum oxypetalum 曇花
188,  Hydrangeaceae 八仙花科/Hydrangea chinensis 華八仙
189,  Orchidaceae 蘭科/Dendrobium moniliforme 石斛
190,  Phytolaccaceae 商陸科/Phytolacca americana 美洲商陸
191,  Nyctaginaceae 紫茉莉科/Bougainvillea spectabilis 九重葛
192,  Pinaceae 松科/Pinus thunbergii 黑松
193,  Orchidaceae 蘭科/Bulbophyllum retusiusculum 黃萼捲瓣蘭
194,  Plumbaginaceae 藍雪科/Plumbago auriculata 藍雪花
195,  Euphorbiaceae 大戟科/Chamaesyce hirta 大飛揚草
196,  Asteraceae 菊科/Taraxacum officinale 西洋蒲公英
197,  Linderniaceae 母草科/Torenia concolor 倒地蜈蚣
198,  Lythraceae 千屈菜科/Lagerstroemia indica 紫薇
199,  Rubiaceae 茜草科/Pentas lanceolata 繁星花
200,  Nelumbonaceae 蓮科/Nelumbo nucifera 荷花
201,  Cycadaceae 蘇鐵科/Cycas revoluta 蘇鐵
202,  Malvaceae 錦葵科/Kleinhovia hospita 克蘭樹
203,  Dennstaedtiaceae 碗蕨科/Histiopteris incisa 栗蕨
204,  Rosaceae 薔薇科/Pyracantha koidzumii 台灣火刺木
205,  Apocynaceae 夾竹桃科/Alstonia scholaris 黑板樹
206,  Schisandraceae 五味子科/Illicium anisatum 白花八角
207,  Aspleniaceae 鐵角蕨科/Asplenium australasicum 南洋山蘇花
208,  Rubiaceae 茜草科/Morinda citrifolia 檄樹
209,  Onagraceae 柳葉菜科/Fuchsia hybrida 吊鐘花
210,  Malvaceae 錦葵科/Hibiscus sabdariffa 洛神葵
211,  Orchidaceae 蘭科/Geodorum densiflorum 垂頭地寶蘭
212,  Salicaceae 楊柳科/Idesia polycarpa 山桐子
213,  Lythraceae 千屈菜科/Rotala rotundifolia 水豬母乳
214,  Iridaceae 鳶尾科/Gladiolus × gandavensis 唐菖蒲
215,  Lamiaceae 唇形科/Salvia farinacea 粉萼鼠尾草
216,  Podocarpaceae 羅漢松科/Podocarpus nakaii 桃實百日青
217,  Orchidaceae 蘭科/Cremastra appendiculata 馬鞭蘭
218,  Chloranthaceae 金粟蘭科/Sarcandra glabra 草珊瑚
219,  Fabaceae 豆科/Wisteria sinensis 紫藤
220,  Zingiberaceae 薑科/Alpinia intermedia 山月桃
221,  Acanthaceae 爵床科/Thunbergia fragrans 碗花草
222,  Fabaceae 豆科/Leucaena leucocephala 銀合歡
223,  Sapindaceae 無患子科/Dodonaea viscosa 車桑子
224,  Petiveriaceae 蒜香草科/Rivina humilis 數珠珊瑚
225,  Actinidiaceae 獼猴桃科/Actinidia arguta 軟棗獼猴桃
226,  Apocynaceae 夾竹桃科/Plumeria rubra 雞蛋花
227,  Linderniaceae 母草科/Lindernia crustacea 藍豬耳
228,  Thymelaeaceae 瑞香科/Wikstroemia indica 南嶺蕘花
229,  Plantaginaceae 車前科/Scoparia dulcis 野甘草
230,  Euphorbiaceae 大戟科/Mallotus philippensis 粗糠柴
231,  Caryophyllaceae 石竹科/Stellaria aquatica 鵝兒腸
232,  Styracaceae 安息香科/Styrax formosanus 烏皮九芎
233,  Combretaceae 使君子科/Terminalia catappa 欖仁
234,  Malvaceae 錦葵科/Malvastrum coromandelianum 賽葵
235,  Gentianaceae 龍膽科/Gentiana arisanensis 阿里山龍膽
236,  Anacardiaceae 漆樹科/Pistacia chinensis 黃連木
237,  Solanaceae 茄科/Solanum americanum 光果龍葵
238,  Melastomataceae 野牡丹科/Melastoma candidum 野牡丹
239,  Orchidaceae 蘭科/Cypripedium formosanum 台灣喜普鞋蘭
240,  Fabaceae 豆科/Tamarindus indica 羅望子
241,  Fabaceae 豆科/Sophora tomentosa 毛苦參
242,  Rosaceae 薔薇科/Duchesnea chrysantha 台灣蛇莓
243,  Oleaceae 木犀科/Jasminum mesnyi 雲南黃馨
244,  Acanthaceae 爵床科/Thunbergia alata 黑眼花
245,  Convolvulaceae 旋花科/Ipomoea aquatica 甕菜
246,  Myrtaceae 桃金孃科/Melaleuca leucadendra 白千層
247,  Fabaceae 豆科/Mimosa diplotricha 美洲含羞草
248,  Hydrangeaceae 八仙花科/Deutzia pulchra 大葉溲疏
249,  Convolvulaceae 旋花科/Ipomoea batatas 甘藷
250,  Poaceae 禾本科/Saccharum spontaneum 甜根子草
251,  Crassulaceae 景天科/Crassula argentea 翡翠木
252,  Poaceae 禾本科/Triticum aestivum 小麥
253,  Meliaceae 楝科/Melia azedarach 楝
254,  Flagellariaceae 鞭藤科/Flagellaria indica 印度鞭藤
255,  Euphorbiaceae 大戟科/Mallotus paniculatus 白匏子
256,  Aquifoliaceae 冬青科/Ilex asprella 燈稱花
257,  Fabaceae 豆科/Delonix regia 鳳凰木
258,  Fabaceae 豆科/Canavalia rosea 濱刀豆
259,  Annonaceae 番荔枝科/Annona squamosa 番荔枝
260,  Orchidaceae 蘭科/Calanthe arisanensis 阿里山根節蘭
261,  Lauraceae 樟科/Machilus thunbergii 紅楠
262,  Acanthaceae 爵床科/Avicennia marina 海茄冬
263,  Aspleniaceae 鐵角蕨科/Asplenium nidus 台灣山蘇花
264,  Apocynaceae 夾竹桃科/Trachelospermum gracilipes 細梗絡石
265,  Convolvulaceae 旋花科/Operculina turpethum 盒果藤
266,  Caryophyllaceae 石竹科/Cucubalus baccifer 狗筋蔓
267,  Fabaceae 豆科/Erythrina ×bidwillii 珊瑚刺桐
268,  Orchidaceae 蘭科/Acanthephippium striatum 一葉罈花蘭
269,  Fabaceae 豆科/Bauhinia purpurea 洋紫荊
270,  Araliaceae 五加科/Hydrocotyle verticillata 銅錢草
271,  Asteraceae 菊科/Chrysanthemum coronarium 茼蒿
272,  Boraginaceae 紫草科/Myosotis arvensis 野勿忘草
273,  Cordiaceae 破布子科/Cordia dichotoma 破布子
274,  Asteraceae 菊科/Sigesbeckia orientalis 豨薟
275,  Onagraceae 柳葉菜科/Oenothera biennis 月見草
276,  Rubiaceae 茜草科/Paederia foetida 雞屎藤
277,  Ebenaceae 柿樹科/Diospyros kotoensis 蘭嶼柿
278,  Lardizabalaceae 木通科/Akebia longeracemosa 長序木通
279,  Hydrangeaceae 八仙花科/Hydrangea integrifolia 大枝掛繡球
280,  Euphorbiaceae 大戟科/Mallotus japonicus 野桐
281,  Nymphaeaceae 睡蓮科/Nuphar shimadae 台灣萍蓬草
282,  Trochodendraceae 昆欄樹科/Trochodendron aralioides 昆欄樹
283,  Passifloraceae 西番蓮科/Passiflora suberosa 三角葉西番蓮
284,  Rosaceae 薔薇科/Rhaphiolepis indica var. umbellata 厚葉石斑木
285,  Podocarpaceae 羅漢松科/Podocarpus costalis 蘭嶼羅漢松
286,  Araliaceae 五加科/Tetrapanax papyriferus 通脫木
287,  Fabaceae 豆科/Millettia pinnata 水黃皮
288,  Poaceae 禾本科/Dactyloctenium aegyptium 龍爪茅
289,  Apocynaceae 夾竹桃科/Catharanthus roseus 日日春
290,  Amaranthaceae 莧科/Celosia cristata 雞冠花
291,  Plantaginaceae 車前科/Antirrhinum majus 金魚草
292,  Malpighiaceae 黃褥花科/Hiptage benghalensis 猿尾藤
293,  Annonaceae 番荔枝科/Annona muricata 刺番荔枝
294,  Fagaceae 殼斗科/Quercus dentata 槲樹
295,  Acanthaceae 爵床科/Justicia procumbens 爵床
296,  Plantaginaceae 車前科/Linaria vulgaris 柳穿魚
297,  Myrtaceae 桃金孃科/Eucalyptus maculata var. citriodora 檸檬桉
298,  Cactaceae 仙人掌科/Opuntia ficus-indica 食用仙人掌
299,  Campanulaceae 桔梗科/Hippobroma longiflora 馬醉草
300,  Ericaceae 杜鵑花科/Rhododendron pseudochrysanthum 玉山杜鵑
301,  Colchicaceae 秋水仙科/Sandersonia aurantiaca 宮燈百合
302,  Menispermaceae 防己科/Stephania japonica 千金藤
303,  Fabaceae 豆科/Acacia farnesiana 金合歡
304,  Marattiaceae 觀音座蓮科/Angiopteris lygodiifolia 觀音座蓮
305,  Asteraceae 菊科/Zinnia elegans 百日菊
306,  Phyllanthaceae 葉下珠科/Bridelia balansae 刺杜密
307,  Rosaceae 薔薇科/Rubus parvifolius 紅梅消
308,  Primulaceae 櫻草科/Maesa perlaria var. formosana 台灣山桂花
309,  Anacardiaceae 漆樹科/Mangifera indica 芒果
310,  Juglandaceae 胡桃科/Platycarya strobilacea 化香樹
311,  Magnoliaceae 木蘭科/Michelia alba 玉蘭花
312,  Strelitziaceae 旅人蕉科/Ravenala madagascariensis 旅人蕉
313,  Amaranthaceae 莧科/Gomphrena celosioides 假千日紅
314,  Zingiberaceae 薑科/Alpinia zerumbet 月桃
315,  Oleaceae 木犀科/Osmanthus heterophyllus 異葉木犀
316,  Fagaceae 殼斗科/Limlia uraiana 烏來柯
317,  Annonaceae 番荔枝科/Fissistigma oldhamii 瓜馥木
318,  Plumbaginaceae 藍雪科/Plumbago zeylanica 烏面馬
319,  Apocynaceae 夾竹桃科/Cynanchum atratum 牛皮消
320,  Equisetaceae 木賊科/Equisetum ramosissimum 木賊
321,  Poaceae 禾本科/Miscanthus floridulus 五節芒
322,  Malvaceae 錦葵科/Theobroma cacao 可可樹
323,  Elaeocarpaceae 杜英科/Elaeocarpus sylvestris 杜英
324,  Hydrangeaceae 八仙花科/Hydrangea angustipetala 狹瓣八仙花
325,  Poaceae 禾本科/Sorghum bicolor 高粱
326,  Rosaceae 薔薇科/Prunus phaeosticta 墨點櫻桃
327,  Apocynaceae 夾竹桃科/Dregea volubilis 華他卡藤
328,  Apiaceae 繖形科/Torilis japonica 竊衣
329,  Ericaceae 杜鵑花科/Cheilotheca humilis 水晶蘭
330,  Sapindaceae 無患子科/Pometia pinnata 番龍眼
331,  Piperaceae 胡椒科/Piper kadsura 風藤
332,  Ophioglossaceae 瓶爾小草科/Ophioglossum vulgatum 瓶爾小草
333,  Lythraceae 千屈菜科/Punica granatum 安石榴
334,  Pentaphylacaceae 五列木科/Ternstroemia gymnanthera 厚皮香
335,  Asteraceae 菊科/Erigeron morrisonensis 玉山飛蓬
336,  Clusiaceae 藤黃科/Garcinia subelliptica 菲島福木
337,  Passifloraceae 西番蓮科/Passiflora foetida var. hispida 毛西番蓮
338,  Combretaceae 使君子科/Terminalia mantaly 小葉欖仁
339,  Orchidaceae 蘭科/Goodyera foliosa 厚唇斑葉蘭
340,  Rutaceae 芸香科/Acronychia pedunculata 降真香
341,  Fagaceae 殼斗科/Quercus variabilis 栓皮櫟
342,  Verbenaceae 馬鞭草科/Stachytarpheta urticaefolia 長穗木
343,  Orchidaceae 蘭科/Anoectochilus formosanus 台灣金線蓮
344,  Lamiaceae 唇形科/Ocimum basilicum 羅勒
345,  Balsaminaceae 鳳仙花科/Impatiens uniflora 紫花鳳仙花
346,  Podocarpaceae 羅漢松科/Nageia nagi 竹柏
347,  Polygonaceae 蓼科/Coccoloba uvifera 海葡萄
348,  Crassulaceae 景天科/Sedum morrisonense 玉山佛甲草
349,  Dipteridaceae 雙扇蕨科/Dipteris conjugata 雙扇蕨
350,  Goodeniaceae 草海桐科/Scaevola aemula 紫扇花
351,  Fabaceae 豆科/Erythrina variegata 刺桐
352,  Rosaceae 薔薇科/Malus pumila 蘋果
353,  Fabaceae 豆科/Alysicarpus vaginalis 煉莢豆
354,  Cucurbitaceae 瓜科/Momordica charantia 苦瓜
355,  Rubiaceae 茜草科/Cephalanthus tetrandrus 風箱樹
356,  Rubiaceae 茜草科/Geophila repens 苞花蔓
357,  Marsileaceae 蘋科/Marsilea minuta 田字草
358,  Asteraceae 菊科/Farfugium japonicum 山菊
359,  Acanthaceae 爵床科/Asystasia gangetica 赤道櫻草
360,  Salviniaceae 槐葉蘋科/Salvinia molesta 人厭槐葉蘋
361,  Plantaginaceae 車前科/Bacopa monnieri 過長沙
362,  Apocynaceae 夾竹桃科/Allamanda cathartica 軟枝黃蟬
363,  Lamiaceae 唇形科/Stachys affinis 草石蠶
364,  Fabaceae 豆科/Derris laxiflora 疏花魚藤
365,  Asteraceae 菊科/Ixeris chinensis 兔仔菜
366,  Asteraceae 菊科/Farfugium japonicum var. formosanum 台灣山菊
367,  Lamiaceae 唇形科/Salvia splendens 一串紅
368,  Cucurbitaceae 瓜科/Luffa cylindrica 絲瓜
369,  Myrtaceae 桃金孃科/Syzygium smithii 澳洲赤楠
370,  Asteraceae 菊科/Erechtites hieracifolia 饑荒草
371,  Asteraceae 菊科/Calyptocarpus vialis 金腰箭舅
372,  Cupressaceae 柏科/Cryptomeria japonica 柳杉
373,  Moraceae 桑科/Ficus benjamina 白榕
374,  Apocynaceae 夾竹桃科/Hoya kerrii 心葉毬蘭
375,  Sapindaceae 無患子科/Acer buergerianum var. formosanum 台灣三角楓
376,  Ericaceae 杜鵑花科/Rhododendron pachysanthum 南湖杜鵑
377,  Cucurbitaceae 瓜科/Diplocyclos palmatus 雙輪瓜
378,  Annonaceae 番荔枝科/Artabotrys hexapetalus 鷹爪花
379,  Asteraceae 菊科/Aster subulatus 掃帚菊
380,  Malvaceae 錦葵科/Hibiscus tiliaceus 黃槿
381,  Fabaceae 豆科/Crotalaria pallida var. obovata 黃野百合
382,  Acanthaceae 爵床科/Sanchezia nobilis 金葉木
383,  Adoxaceae 五福花科/Sambucus chinensis 冇骨消
384,  Arecaceae 棕櫚科/Caryota urens 孔雀椰子
385,  Linderniaceae 母草科/Hemianthus callitrichoides 迷你矮珍珠
386,  Fabaceae 豆科/Crotalaria zanzibarica 南美豬屎豆
387,  Asteraceae 菊科/Elephantopus mollis 毛蓮菜
388,  Rutaceae 芸香科/Citrus grandis 柚
389,  Apiaceae 繖形科/Daucus carota 胡蘿蔔
390,  Bromeliaceae 鳳梨科/Ananas comosus 鳳梨
391,  Meliaceae 楝科/Lansium domesticum 蘭撒果
392,  Oxalidaceae 酢醬草科/Averrhoa carambola 楊桃
393,  Fagaceae 殼斗科/Lithocarpus amygdalifolius 杏葉石櫟
394,  Apocynaceae 夾竹桃科/Asclepias physocarpa 釘頭果
395,  Apocynaceae 夾竹桃科/Tabernaemontana divaricata 馬蹄花
396,  Asteraceae 菊科/Emilia sonchifolia var. javanica 紫背草
397,  Asteraceae 菊科/Senecio vulgaris 歐洲黃菀
398,  Orchidaceae 蘭科/Bletilla formosana 台灣白及
399,  Araucariaceae 南洋杉科/Araucaria excelsa 小葉南洋杉
400,  Hydrocharitaceae 水鱉科/Egeria densa 水蘊草
401,  Psilotaceae 松葉蕨科/Psilotum nudum 松葉蕨
402,  Orobanchaceae 列當科/Euphrasia transmorrisonensis 玉山小米草
403,  Asteraceae 菊科/Anaphalis morrisonicola 玉山抱莖籟簫
404,  Apiaceae 繖形科/Glehnia littoralis 濱防風
405,  Orchidaceae 蘭科/Bulbophyllum taiwanense 台灣捲瓣蘭
406,  Theaceae 茶科/Schima superba 木荷
407,  Myrtaceae 桃金孃科/Syzygium jambos 蒲桃
408,  Vitaceae 葡萄科/Ampelopsis cantoniensis 廣東山葡萄
409,  Gesneriaceae 苦苣苔科/Titanotrichum oldhamii 台閩苣苔
410,  Solanaceae 茄科/Cyphomandra betacea 樹番茄
411,  Euphorbiaceae 大戟科/Macaranga tanarius 血桐
412,  Convolvulaceae 旋花科/Merremia gemella 菜欒藤
413,  Ericaceae 杜鵑花科/Cheilotheca macrocarpa 阿里山水晶蘭
414,  Amaryllidaceae 石蒜科/Lycoris radiata 紅花石蒜
415,  Apocynaceae 夾竹桃科/Asclepias curassavica 馬利筋
416,  Polygonaceae 蓼科/Antigonon leptopus 珊瑚藤
417,  Berberidaceae 小檗科/Dysosma pleiantha 八角蓮
418,  Lamiaceae 唇形科/Leonurus japonicus 益母草
419,  Rubiaceae 茜草科/Ophiorrhiza japonica 蛇根草
420,  Lauraceae 樟科/Lindera communis 香葉樹
421,  Mazaceae 通泉科/Mazus pumilus 通泉草
422,  Papaveraceae 罌粟科/Papaver orientale 鬼罌粟
423,  Cleomaceae 醉蝶花科/Cleome viscosa 向天黃
424,  Daphniphyllaceae 虎皮楠科/Daphniphyllum glaucescens subsp. oldhamii 奧氏虎皮楠
425,  Hypericaceae 金絲桃科/Hypericum ascyron 連翹
426,  Fabaceae 豆科/Melilotus indicus 印度草木樨
427,  Phyllanthaceae 葉下珠科/Glochidion zeylanicum 錫蘭饅頭果
428,  Oleaceae 木犀科/Ligustrum sinense 小實女貞
429,  Euphorbiaceae 大戟科/Manihot esculenta 樹薯
430,  Orchidaceae 蘭科/Chiloschista segawae 大蜘蛛蘭
431,  Berberidaceae 小檗科/Mahonia oiwakensis 阿里山十大功勞
432,  Asteraceae 菊科/Chrysanthemum frutescens 瑪格麗特
433,  Magnoliaceae 木蘭科/Michelia figo 含笑花
434,  Iteaceae 鼠刺科/Itea oldhamii 鼠刺
435,  Asparagaceae 天門冬科/Sansevieria trifasciata  虎尾蘭
436,  Moraceae 桑科/Ficus lyrata 琴葉榕
437,  Solanaceae 茄科/Physalis peruviana 祕魯苦蘵
438,  Orchidaceae 蘭科/Pleione bulbocodioides 台灣一葉蘭
439,  Ericaceae 杜鵑花科/Gaultheria itoana 高山白珠樹
440,  Araliaceae 五加科/Schefflera arboricola 鵝掌蘗
441,  Malvaceae 錦葵科/Thespesia populnea 繖楊
442,  Rutaceae 芸香科/Citrus limon 檸檬
443,  Primulaceae 櫻草科/Maesa japonica 山桂花
444,  Orchidaceae 蘭科/Calanthe speciosa 台灣根節蘭
445,  Fabaceae 豆科/Caesalpinia pulcherrima 紅蝴蝶
446,  Mitrastemonaceae 奴草科/Mitrastemon kanehirai 菱形奴草
447,  Lauraceae 樟科/Litsea cubeba 山胡椒
448,  Fabaceae 豆科/Bauhinia variegata 羊蹄甲
449,  Annonaceae 番荔枝科/Annona glabra 圓滑番荔枝
450,  Acanthaceae 爵床科/Peristrophe japonica 九頭獅子草
451,  Acanthaceae 爵床科/Andrographis paniculata 穿心蓮
452,  Cannaceae 美人蕉科/Canna indica var. orientalis 美人蕉
453,  Opiliaceae 山柚科/Champereia manillana 山柚
454,  Caryophyllaceae 石竹科/Sagina procumbens 仰臥漆姑草
455,  Putranjivaceae 非洲核果木科/Drypetes littoralis 鐵色
456,  Pteridaceae 鳳尾蕨科/Ceratopteris thalictroides 水蕨
457,  Araceae 天南星科/Dieffenbachia maculata 黛粉葉
458,  Phyllanthaceae 葉下珠科/Phyllanthus acidus 西印度醋栗
459,  Fagaceae 殼斗科/Castanopsis cuspidata var. carlesii 長尾尖葉櫧
460,  Cupressaceae 柏科/Thuja orientalis 側柏
461,  Bignoniaceae 紫葳科/Radermachera sinica 山菜豆
462,  Rubiaceae 茜草科/Ixora duffii 大王仙丹
463,  Myricaceae 楊梅科/Myrica rubra 楊梅
464,  Anacardiaceae 漆樹科/Rhus succedanea 木蠟樹
465,  Adoxaceae 五福花科/Viburnum odoratissimum 珊瑚樹
466,  Euphorbiaceae 大戟科/Chamaesyce hypericifolia 假紫斑大戟
467,  Davalliaceae 骨碎補科/Nephrolepis auriculata 腎蕨
468,  Verbenaceae 馬鞭草科/Lantana camara 馬櫻丹
469,  Asteraceae 菊科/Gynura bicolor 紅鳳菜
470,  Rutaceae 芸香科/Murraya exotica 月橘
471,  Fabaceae 豆科/Indigofera spicata 穗花木藍
472,  Asparagaceae 天門冬科/Cordyline fruticosa 朱蕉
473,  Araliaceae 五加科/Eleutherococcus trifoliatus 三葉五加
474,  Orchidaceae 蘭科/Diploprora championii 倒吊蘭
475,  Asteraceae 菊科/Bidens alba var. radiata 大花咸豐草
476,  Apocynaceae 夾竹桃科/Nerium oleander 夾竹桃
477,  Lamiaceae 唇形科/Coleus amboinicus 到手香
478,  Chrysobalanaceae 可可李科/Chrysobalanus icaco 一口可梅
479,  Apocynaceae 夾竹桃科/Thevetia peruviana 黃花夾竹桃
480,  Araliaceae 五加科/Fatsia polycarpa 台灣八角金盤
481,  Euphorbiaceae 大戟科/Triadica sebifera 烏臼
482,  Lamiaceae 唇形科/Salvia officinalis 鼠尾草
483,  Oleaceae 木犀科/Jasminum sambac 茉莉
484,  Amaryllidaceae 石蒜科/Agapanthus africanus 百子蓮
485,  Urticaceae 蕁麻科/Boehmeria nivea var. tenacissima 青苧麻
486,  Moraceae 桑科/Ficus microcarpa 榕樹
487,  Amaranthaceae 莧科/Suaeda maritima 裸花鹼蓬
488,  Orchidaceae 蘭科/Oncidium flexuosum 文心蘭
489,  Apocynaceae 夾竹桃科/Adenium obesum 沙漠玫瑰
490,  Asteraceae 菊科/Tridax procumbens 長柄菊
491,  Myrtaceae 桃金孃科/Melaleuca alternifolia 澳洲茶樹
492,  Malvaceae 錦葵科/Sterculia nobilis 蘋婆
493,  Moraceae 桑科/Ficus virgata 白肉榕
494,  Casuarinaceae 木麻黃科/Casuarina equisetifolia 木麻黃
495,  Araceae 天南星科/Spathiphyllum kochii 白鶴芋
496,  Cupressaceae 柏科/Taiwania cryptomerioides 台灣杉
497,  Araceae 天南星科/Caladium ×hortulanum 彩葉芋
498,  Araliaceae 五加科/Hydrocotyle setulosa 阿里山天胡荽
499,  Cupressaceae 柏科/Taxodium distichum 落羽松
500,  Cupressaceae 柏科/Juniperus chinensis fo. kaizuca 龍柏
501,  Amaranthaceae 莧科/Amaranthus spinosus 刺莧
502,  Cyatheaceae 桫欏科/Cyathea spinulosa 台灣桫欏
503,  Rutaceae 芸香科/Clausena excavata 過山香
504,  Linderniaceae 母草科/Lindernia dubia 美洲母草
505,  Orchidaceae 蘭科/Cephalantheropsis gracilis 綠花肖頭蕊蘭
506,  Apiaceae 繖形科/Centella asiatica 雷公根
507,  Orchidaceae 蘭科/Goodyera daibuzanensis 大武斑葉蘭
508,  Linderniaceae 母草科/Lindernia rotundifolia 圓葉母草
509,  Phyllanthaceae 葉下珠科/Flueggea virosa 密花白飯樹
510,  Apocynaceae 夾竹桃科/Tylophora ovata 鷗蔓
511,  Caryophyllaceae 石竹科/Dianthus pygmaeus 玉山石竹
512,  Sapotaceae 山欖科/Palaquium formosanum 大葉山欖
513,  Campanulaceae 桔梗科/Lobelia nummularia 普剌特草
514,  Gentianaceae 龍膽科/Gentiana scabrida var. punctulata 黑斑龍膽
515,  Menyanthaceae 睡菜科/Nymphoides hydrophylla 龍骨瓣莕菜
516,  Lauraceae 樟科/Cassytha filiformis 無根草
517,  Lythraceae 千屈菜科/Pemphis acidula 水芫花
518,  Salicaceae 楊柳科/Salix warburgii 水柳
519,  Tamaricaceae 檉柳科/Tamarix chinensis 檉柳
520,  Marantaceae 竹芋科/Thalia geniculata 垂花水竹芋
521,  Gesneriaceae 苦苣苔科/Episcia cupreata 喜蔭花
522,  Araceae 天南星科/Arisaema consanguineum 長行天南星
523,  Melastomataceae 野牡丹科/Medinilla formosana 台灣野牡丹藤
524,  Verbenaceae 馬鞭草科/Duranta repens 金露花
525,  Taxaceae 紅豆杉科/Cephalotaxus wilsoniana 台灣粗榧
526,  Malvaceae 錦葵科/Abelmoschus esculentus 黃秋葵
527,  Meliaceae 楝科/Swietenia macrophylla 大葉桃花心木
528,  Euphorbiaceae 大戟科/Aleurites moluccanus 石栗
529,  Ericaceae 杜鵑花科/Rhododendron kanehirae 烏來杜鵑
530,  Caryophyllaceae 石竹科/Dianthus superbus var. longicalycinus 長萼瞿麥
531,  Anacardiaceae 漆樹科/Rhus javanica var. roxburghii 羅氏鹽膚木
532,  Polygonaceae 蓼科/Persicaria capitata 頭花蓼
533,  Malvaceae 錦葵科/Durio zibethinus 榴槤
534,  Caprifoliaceae 忍冬科/Lonicera japonica 忍冬
535,  Araceae 天南星科/Syngonium podophyllum 合果芋
536,  Fagaceae 殼斗科/Lithocarpus konishii 油葉石櫟
537,  Alismataceae 澤瀉科/Hydrocleys nymphoides 水金英
538,  Fabaceae 豆科/Arachis duranensis 蔓花生
539,  Cactaceae 仙人掌科/Cereus peruvianus 六角柱
540,  Plantaginaceae 車前科/Veronica peregrina 毛蟲婆婆納
541,  Bignoniaceae 紫葳科/Pseudocalymma alliaceum 蒜香藤
542,  Primulaceae 櫻草科/Ardisia cornudentata subsp. morrisonensis 玉山紫金牛
543,  Begoniaceae 秋海棠科/Begonia semperflorens-cultorum 四季秋海棠
544,  Moraceae 桑科/Artocarpus incisus 麵包樹
545,  Theaceae 茶科/Camellia japonica 日本山茶
546,  Asphodelaceae 金穗花科/Dianella ensifolia 桔梗蘭
547,  Hamamelidaceae 金縷梅科/Loropetalum chinense 繼木
548,  Cucurbitaceae 瓜科/Coccinia grandis 紅瓜
549,  Fagaceae 殼斗科/Quercus glauca 青剛櫟
550,  Primulaceae 櫻草科/Lysimachia mauritiana 茅毛珍珠菜
551,  Asteraceae 菊科/Sonchus arvensis 苦苣菜
552,  Solanaceae 茄科/Brugmansia suaveolens 大花曼陀羅
553,  Icacinaceae 茶茱萸科/Nothapodytes nimmoniana 青脆枝
554,  Rosaceae 薔薇科/Spiraea prunifolia var. pseudoprunifolia 笑靨花
555,  Asparagaceae 天門冬科/Chlorophytum comosum 吊蘭
556,  Lamiaceae 唇形科/Clerodendrum chinense 臭茉莉
557,  Scrophulariaceae 玄參科/Buddleja asiatica 揚波
558,  Moraceae 桑科/Broussonetia monoica 小構樹
559,  Menispermaceae 防己科/Cocculus orbiculatus 木防己
560,  Lamiaceae 唇形科/Glechoma hederacea var. grandis 金錢薄荷
561,  Euphorbiaceae 大戟科/Vernicia montana 千年桐
562,  Fabaceae 豆科/Arachis hypogaea 落花生
563,  Fabaceae 豆科/Lablab purpureus 鵲豆
564,  Ericaceae 杜鵑花科/Rhododendron hyperythrum 紅星杜鵑
565,  Salicaceae 楊柳科/Scolopia oldhamii 魯花樹
566,  Lamiaceae 唇形科/Prunella vulgaris subsp. asiatica 夏枯草
567,  Elaeagnaceae 胡頹子科/Elaeagnus thunbergii 鄧氏胡頹子
568,  Ehretiaceae 厚殼樹科/Ehretia microphylla 小葉厚殼樹
569,  Lardizabalaceae 木通科/Stauntonia obovatifoliola 石月
570,  Cupressaceae 柏科/Juniperus squamata 香青
571,  Solanaceae 茄科/Lycianthes biflora 雙花龍葵
572,  Boraginaceae 紫草科/Cynoglossum furcatum 琉璃草
573,  Amaranthaceae 莧科/Alternanthera philoxeroides 空心蓮子草
574,  Fabaceae 豆科/Pueraria montana 山葛
575,  Araceae 天南星科/Aglaonema modestum 粗肋草
576,  Araucariaceae 南洋杉科/Araucaria cunninghamii 肯氏南洋杉
577,  Rubiaceae 茜草科/Psychotria rubra 九節木
578,  Poaceae 禾本科/Oryza sativa 稻子
579,  Rosaceae 薔薇科/Rubus croceacanthus 虎婆刺
580,  Fabaceae 豆科/Castanospermum australe 栗豆樹
581,  Cucurbitaceae 瓜科/Melothria pendula 垂果瓜
582,  Campanulaceae 桔梗科/Campanula medium 彩鐘花
583,  Lauraceae 樟科/Lindera aggregata 天台烏藥
584,  Symplocaceae 灰木科/Symplocos theophrastifolia 山豬肝
585,  Brassicaceae 十字花科/Capsella bursa-pastoris 薺
586,  Cleomaceae 醉蝶花科/Cleome rutidosperma 成功白花菜
587,  Apiaceae 繖形科/Bupleurum kaoi 高氏柴胡
588,  Lamiaceae 唇形科/Orthosiphon aristatus 貓鬚草
589,  Apocynaceae 夾竹桃科/Ecdysanthera rosea 酸藤
590,  Mazaceae 通泉科/Mazus fauriei 佛氏通泉草
591,  Balanophoraceae 蛇菰科/Balanophora laxiflora 穗花蛇菰
592,  Arecaceae 棕櫚科/Rhapis excelsa 觀音棕竹
593,  Cucurbitaceae 瓜科/Cucurbita pepo 美國南瓜
594,  Cucurbitaceae 瓜科/Lagenaria siceraria 扁蒲
595,  Crassulaceae 景天科/Sedum mexicanum 松葉佛甲草
596,  Lamiaceae 唇形科/Ocimum gratissimum 美羅勒
597,  Araceae 天南星科/Zantedeschia aethiopica 海芋
598,  Muntingiaceae 文定果科/Muntingia calabura 西印度櫻桃
599,  Rosaceae 薔薇科/Eriobotrya deflexa 山枇杷
600,  Amaranthaceae 莧科/Gomphrena globosa 千日紅
601,  Acanthaceae 爵床科/Codonacanthus pauciflorus 針刺草
602,  Hypoxidaceae 仙茅科/Curculigo orchioides 仙茅
603,  Lentibulariaceae 狸藻科/Utricularia aurea 黃花狸藻
604,  Stachyuraceae 旌節花科/Stachyurus himalaicus 通條樹
605,  Schisandraceae 五味子科/Kadsura japonica 南五味子
606,  Fabaceae 豆科/Macroptilium atropurpureum 賽芻豆
607,  Fabaceae 豆科/Astragalus sinicus 紫雲英
608,  Apocynaceae 夾竹桃科/Cynanchum boudieri 薄葉牛皮消
609,  Hamamelidaceae 金縷梅科/Eustigma oblongifolium 秀柱花
610,  Orchidaceae 蘭科/Zeuxine strateumatica 線柱蘭
611,  Malvaceae 錦葵科/Corchorus aestuans 繩黃麻
612,  Caryophyllaceae 石竹科/Drymaria diandra 菁芳草
613,  Pinaceae 松科/Pinus luchuensis 琉球松
614,  Heliotropiaceae 天芹菜科/Heliotropium foertherianum 白水木
615,  Moraceae 桑科/Ficus erecta var. beecheyana 牛奶榕
616,  Ranunculaceae 毛茛科/Clematis grata 串鼻龍
617,  Asteraceae 菊科/Conyza sumatrensis 野茼蒿
618,  Phyllanthaceae 葉下珠科/Bischofia javanica 茄苳
619,  Cupressaceae 柏科/Juniperus formosana 刺柏
620,  Proteaceae 山龍眼科/Grevillea robusta 銀樺
621,  Malpighiaceae 黃褥花科/Malpighia coccigera 刺葉黃褥花
622,  Pittosporaceae 海桐科/Pittosporum pentandrum 台灣海桐
623,  Pittosporaceae 海桐科/Pittosporum tobira 海桐
624,  Rubiaceae 茜草科/Coffea arabica 咖啡樹
625,  Phyllanthaceae 葉下珠科/Phyllanthus tenellus 五蕊油柑
626,  Lauraceae 樟科/Cinnamomum camphora 樟樹
627,  Arecaceae 棕櫚科/Roystonea regia 大王椰子
628,  Solanaceae 茄科/Solanum pseudocapsicum 珊瑚櫻
629,  Piperaceae 胡椒科/Peperomia obtusifolia 圓葉椒草
630,  Acoraceae 菖蒲科/Acorus gramineus 石菖蒲
631,  Oleaceae 木犀科/Osmanthus fragrans 桂花
632,  Arecaceae 棕櫚科/Livistona chinensis var. subglobosa 蒲葵
633,  Apiaceae 繖形科/Sium suave 細葉零餘子
634,  Betulaceae 樺木科/Alnus formosana 台灣赤楊
635,  Orchidaceae 蘭科/Bulbophyllum pectinatum 阿里山豆蘭
636,  Fabaceae 豆科/Archidendron lucidum 頷垂豆
637,  Asphodelaceae 金穗花科/Hemerocallis fulva 萱草
638,  Garryaceae 絲纓花科/Aucuba chinensis 桃葉珊瑚
639,  Euphorbiaceae 大戟科/Aleurites montanus 廣東油桐
640,  Asparagaceae 天門冬科/Yucca aloifolia 王蘭
641,  Vitaceae 葡萄科/Parthenocissus dalzielii 地錦
642,  Araceae 天南星科/Xanthosoma sagittifolium 千年芋
643,  Polygonaceae 蓼科/Polygonum cuspidatum 虎杖
644,  Lythraceae 千屈菜科/Cuphea carthagenensis 克非亞草
645,  Cucurbitaceae 瓜科/Momordica cochinchinensis 木虌子
646,  Lauraceae 樟科/Lindera akoensis 內苳子
647,  Asteraceae 菊科/Adenostemma lavenia 下田菊
648,  Lauraceae 樟科/Cinnamomum osmophloeum 土肉桂
649,  Orchidaceae 蘭科/Cymbidium lancifolium 竹柏蘭
650,  Pinaceae 松科/Pinus armandii var. mastersiana 台灣華山松
651,  Rhamnaceae 鼠李科/Ziziphus mauritiana 印度棗
652,  Arecaceae 棕櫚科/Phoenix hanceana 台灣海棗
653,  Lardizabalaceae 木通科/Stauntonia obovata 鈍葯野木瓜
654,  Smilacaceae 菝葜科/Smilax bracteata 假菝葜
655,  Urticaceae 蕁麻科/Elatostema lineolatum var. majus 冷清草
656,  Amaryllidaceae 石蒜科/Crinum asiaticum 文珠蘭
657,  Araceae 天南星科/Amorphophallus henryi 台灣魔芋
658,  Fabaceae 豆科/Vicia dasycarpa 苕子
659,  Solanaceae 茄科/Brunfelsia uniflora 變色茉莉
660,  Phyllanthaceae 葉下珠科/Glochidion rubrum 細葉饅頭果
661,  Lamiaceae 唇形科/Clerodendrum cyrtophyllum 大青
662,  Begoniaceae 秋海棠科/Begonia masoniana 鐵十字秋海棠
663,  Rosaceae 薔薇科/Photinia niitakayamensis 玉山假沙梨
664,  Rutaceae 芸香科/Skimmia reevesiana 深紅茵芋
665,  Malvaceae 錦葵科/Hibiscus rosa-sinensis var. rubro-plenus 重瓣朱槿
666,  Anacardiaceae 漆樹科/Rhus ambigua 台灣藤漆
667,  Araceae 天南星科/Amorphophallus hirtus 密毛魔芋
668,  Cucurbitaceae 瓜科/Cucumis sativus 胡瓜
669,  Piperaceae 胡椒科/Peperomia pellucida 草胡椒
670,  Taxaceae 紅豆杉科/Taxus sumatrana 南洋紅豆杉
671,  Malvaceae 錦葵科/Sterculia ceramica 蘭嶼蘋婆
672,  Gentianaceae 龍膽科/Gentiana davidii var. formosana 台灣龍膽
673,  Hypericaceae 金絲桃科/Hypericum japonicum 地耳草
674,  Caprifoliaceae 忍冬科/Scabiosa lacerifolia 玉山山蘿蔔
675,  Caprifoliaceae 忍冬科/Lonicera acuminata 阿里山忍冬
676,  Cabombaceae 蓴科/Brasenia schreberi 蓴
677,  Basellaceae 落葵科/Basella alba 落葵
678,  Hydrangeaceae 八仙花科/Hydrangea paniculata 水亞木
679,  Asteraceae 菊科/Eupatorium cannabinum subsp. asiaticum 台灣澤蘭
680,  Fabaceae 豆科/Desmodium sequax 波葉山螞蝗
681,  Orchidaceae 蘭科/Epigeneium nakaharae 蠟著頦蘭
682,  Lauraceae 樟科/Litsea hypophaea 黃肉樹
683,  Orchidaceae 蘭科/Bulbophyllum melanoglossum 紫紋捲瓣蘭
684,  Helwingiaceae 青莢葉科/Helwingia japonica subsp. taiwaniana 台灣青莢葉
685,  Fagaceae 殼斗科/Quercus aliena 槲櫟
686,  Acanthaceae 爵床科/Dicliptera chinensis 華九頭獅子草
687,  Asteraceae 菊科/Conyza canadensis 加拿大蓬
688,  Fagaceae 殼斗科/Quercus stenophylloides 狹葉櫟
689,  Rosaceae 薔薇科/Rosa transmorrisonensis 高山薔薇
690,  Convolvulaceae 旋花科/Cuscuta campestris 平原菟絲子
691,  Osmundaceae 紫萁科/Osmunda japonica 紫萁
692,  Lamiaceae 唇形科/Salvia coccinea 紅花鼠尾草
693,  Cupressaceae 柏科/Chamaecyparis formosensis 紅檜
694,  Amaryllidaceae 石蒜科/Hippeastrum equestre 孤挺花
695,  Myrtaceae 桃金孃科/Eucalyptus robusta 大葉桉
696,  Meliaceae 楝科/Aglaia odorata 樹蘭
697,  Polygonaceae 蓼科/Polygonum thunbergii 戟葉蓼
698,  Araceae 天南星科/Pistia stratiotes 大萍
699,  Coriariaceae 馬桑科/Coriaria japonica subsp. intermedia 台灣馬桑
700,  Urticaceae 蕁麻科/Pilea microphylla 小葉冷水麻
701,  Ulmaceae 榆科/Zelkova serrata 櫸
702,  Theaceae 茶科/Gordonia axillaris 大頭茶
703,  Sapindaceae 無患子科/Cardiospermum halicacabum 倒地鈴
704,  Euphorbiaceae 大戟科/Hevea brasiliensis 巴西橡膠樹
705,  Plantaginaceae 車前科/Angelonia salicariifolia 天使花
706,  Moraceae 桑科/Ficus superba var. japonica 雀榕
707,  Primulaceae 櫻草科/Primula malacoides 報春花
708,  Pinaceae 松科/Tsuga chinensis var. formosana 台灣鐵杉
709,  Gleicheniaceae 裏白科/Dicranopteris linearis 芒萁
710,  Asteraceae 菊科/Solidago virgaurea var. leiocarpa 一枝黃花
711,  Araceae 天南星科/Monstera deliciosa 龜背芋
712,  Solanaceae 茄科/Lycium chinense 枸杞
713,  Hamamelidaceae 金縷梅科/Sycopsis sinensis 水絲梨
714,  Fabaceae 豆科/Calliandra haematocephala 美洲合歡
715,  Iteaceae 鼠刺科/Itea parviflora 小花鼠刺
716,  Asteraceae 菊科/Blumea riparia var. megacephala 大頭艾納香
717,  Cornaceae 山茱萸科/Alangium chinense 華八角楓
718,  Gentianaceae 龍膽科/Tripterospermum alutaceifolium 臺北肺形草
719,  Apiaceae 繖形科/Peucedanum japonicum 日本前胡
720,  Poaceae 禾本科/Deschampsia flexuosa 曲芒髮草
721,  Cupressaceae 柏科/Cunninghamia lanceolata var. konishii 巒大杉
722,  Asteraceae 菊科/Senecio nemorensis var. dentatus 黃菀
723,  Fabaceae 豆科/Senna sulfurea 黃槐
724,  Urticaceae 蕁麻科/Pilea cadierei 白雪草
725,  Polemoniaceae 花蔥科/Phlox drummondii 福祿考
726,  Primulaceae 櫻草科/Ardisia crenata 珠砂根
727,  Polygonaceae 蓼科/Polygonum chinense 火炭母草
728,  Araceae 天南星科/Anthurium andraeanum 花燭
729,  Magnoliaceae 木蘭科/Magnolia coco 夜合花
730,  Rubiaceae 茜草科/Ixora williamsii 矮仙丹花
731,  Ericaceae 杜鵑花科/Enkianthus perulatus 台灣吊鐘花
732,  Amaranthaceae 莧科/Amaranthus tricolor 雁來紅
733,  Zingiberaceae 薑科/Alpinia uraiensis 烏來月桃
734,  Primulaceae 櫻草科/Lysimachia japonica 小茄
735,  Ericaceae 杜鵑花科/Rhododendron oldhamii 金毛杜鵑
736,  Dryopteridaceae 鱗毛蕨科/Cyrtomium falcatum 全緣貫眾蕨
737,  Elaeocarpaceae 杜英科/Elaeocarpus serratus 錫蘭橄欖
738,  Staphyleaceae 省沽油科/Turpinia formosana 山香圓
739,  Asteraceae 菊科/Elephantopus scaber 燈豎朽
740,  Amaryllidaceae 石蒜科/Zephyranthes candida 蔥蘭
741,  Araceae 天南星科/Arisaema taiwanense 蓬萊天南星
742,  Rhizophoraceae 紅樹科/Kandelia obovata 水筆仔
743,  Arecaceae 棕櫚科/Washingtonia filifera 華盛頓椰子
744,  Solanaceae 茄科/Nicotiana tabacum 煙草
745,  Fabaceae 豆科/Bauhinia championii 菊花木
746,  Urticaceae 蕁麻科/Pouzolzia zeylanica 霧水葛
747,  Apocynaceae 夾竹桃科/Carissa grandiflora 卡梨撒
748,  Geraniaceae 牻牛兒苗科/Geranium hayatanum 單花牻牛兒苗
749,  Lamiaceae 唇形科/Clinopodium chinense 風輪菜
750,  Malvaceae 錦葵科/Urena procumbens 梵天花
751,  Vitaceae 葡萄科/Cayratia corniculata 角花烏斂莓
752,  Lauraceae 樟科/Machilus japonica 假長葉楠
753,  Arecaceae 棕櫚科/Arenga tremula 山棕
754,  Convolvulaceae 旋花科/Ipomoea pes-caprae subsp. brasiliensis 馬鞍藤
755,  Proteaceae 山龍眼科/Helicia cochinchinensis 紅葉樹
756,  Pinaceae 松科/Abies kawakamii 台灣冷杉
757,  Solanaceae 茄科/Lycopersicon esculentum 番茄
758,  Campanulaceae 桔梗科/Trachelium caeruleum 夕霧
759,  Nymphaeaceae 睡蓮科/Nuphar japonica 日本萍蓬草
760,  Cucurbitaceae 瓜科/Trichosanthes cucumeroides 王瓜
761,  Magnoliaceae 木蘭科/Michelia compressa 烏心石
762,  Rhamnaceae 鼠李科/Sageretia thea 雀梅藤
763,  Lamiaceae 唇形科/Clinopodium gracile 光風輪
764,  Celastraceae 衛矛科/Euonymus oxyphyllus 垂絲衛矛
765,  Asteraceae 菊科/Gnaphalium luteoalbum subsp. affine 鼠麴草
766,  Cucurbitaceae 瓜科/Citrullus vulgaris 西瓜
767,  Arecaceae 棕櫚科/Chrysalidocarpus lutescens 黃椰子
768,  Acanthaceae 爵床科/Fittonia verschaffeltii 紅網紋草
769,  Malvaceae 錦葵科/Hibiscus taiwanensis 山芙蓉
770,  Rosaceae 薔薇科/Rubus corchorifolius 變葉懸鉤子
771,  Orchidaceae 蘭科/Goodyera velutina 鳥嘴蓮
772,  Fabaceae 豆科/Glycine max 大豆
773,  Rubiaceae 茜草科/Wendlandia formosana 水金京
774,  Saururaceae 三白草科/Houttuynia cordata 蕺菜
775,  Proteaceae 山龍眼科/Helicia formosana 山龍眼
776,  Asteraceae 菊科/Dichrocephala integrifolia 茯苓菜
777,  Pteridaceae 鳳尾蕨科/Pteris wallichiana 瓦氏鳳尾蕨
778,  Rosaceae 薔薇科/Spiraea formosana 台灣繡線菊
779,  Asteraceae 菊科/Bidens pilosa 白花鬼針
780,  Araceae 天南星科/Alocasia odora 姑婆芋
781,  Orchidaceae 蘭科/Eria tomentosiflora 樹絨蘭
782,  Lamiaceae 唇形科/Vitex rotundifolia 海埔姜
783,  Asteraceae 菊科/Cirsium japonicum var. australe 南國小薊
784,  Moraceae 桑科/Ficus elastica 印度橡膠樹
785,  Cyperaceae 莎草科/Cyperus prolifer 紙莎草
786,  Hypericaceae 金絲桃科/Hypericum formosanum 台灣金絲桃
787,  Campanulaceae 桔梗科/Lobelia chinensis 半邊蓮
788,  Asteraceae 菊科/Taraxacum formosanum 台灣蒲公英
789,  Araliaceae 五加科/Aralia decaisneana 鵲不踏
790,  Plantaginaceae 車前科/Plantago asiatica 車前草
791,  Fabaceae 豆科/Millettia pulchra var. microphylla 小葉魚藤
792,  Pandanaceae 露兜樹科/Freycinetia formosana 山露兜
793,  Akaniaceae 疊珠樹科/Bretschneidera sinensis 鐘萼木
794,  Arecaceae 棕櫚科/Mascarena lagenicaulis 酒瓶椰子
795,  Pentaphylacaceae 五列木科/Cleyera japonica var. morii 森氏紅淡比
796,  Aizoaceae 番杏科/Tetragonia tetragonoides 番杏
797,  Solanaceae 茄科/Capsicum annuum 辣椒
798,  Lycopodiaceae 石松科/Lycopodium cernuum 過山龍
799,  Amaryllidaceae 石蒜科/Narcissus tazetta var. chinensis 水仙
800,  Apocynaceae 夾竹桃科/Marsdenia formosana 台灣牛彌菜
801,  Ranunculaceae 毛茛科/Anemone vitifolia 小白頭翁
802,  Asteraceae 菊科/Pterocypsela indica 鵝仔草
803,  Fagaceae 殼斗科/Castanea crenata 茅栗
804,  Lamiaceae 唇形科/Scutellaria barbata 向天盞
805,  Goodeniaceae 草海桐科/Scaevola taccada 草海桐
806,  Asparagaceae 天門冬科/Asparagus setaceus 文竹
807,  Caprifoliaceae 忍冬科/Valeriana fauriei 纈草
808,  Lycopodiaceae 石松科/Lycopodium complanatum 地刷子
809,  Ranunculaceae 毛茛科/Coptis quinquefolia 五葉黃連
810,  Cucurbitaceae 瓜科/Thladiantha nudiflora 青牛膽
811,  Phyllanthaceae 葉下珠科/Antidesma pentandrum var. barbatum 枯里珍
812,  Araliaceae 五加科/Schefflera octophylla 鵝掌柴
813,  Ericaceae 杜鵑花科/Rhododendron simsii 唐杜鵑
814,  Fabaceae 豆科/Senna occidentalis 望江南
815,  Polypodiaceae 水龍骨科/Lemmaphyllum microphyllum 伏石蕨
816,  Brassicaceae 十字花科/Cardamine flexuosa 蔊菜
817,  Fabaceae 豆科/Psophocarpus tetragonolobus 翼豆
818,  Sapindaceae 無患子科/Koelreuteria henryi 台灣欒樹
819,  Fagaceae 殼斗科/Lithocarpus kawakamii 大葉石櫟
820,  Adoxaceae 五福花科/Viburnum luzonicum 呂宋莢蒾
821,  Phyllanthaceae 葉下珠科/Bridelia tomentosa 土密樹
822,  Anacardiaceae 漆樹科/Schinus terebinthifolia 巴西胡椒木
823,  Sapindaceae 無患子科/Litchi chinensis 荔枝
824,  Plantaginaceae 車前科/Veronica morrisonicola 玉山水苦賈
825,  Rubiaceae 茜草科/Damnacanthus indicus 伏牛花
826,  Convolvulaceae 旋花科/Dichondra micrantha 馬蹄金
827,  Selaginellaceae 卷柏科/Selaginella tamariscina 萬年松
828,  Polypodiaceae 水龍骨科/Pyrrosia lingua 石葦
829,  Orchidaceae 蘭科/Amitostigma alpestre 南湖雛蘭
830,  Araceae 天南星科/Epipremnum pinnatum 拎樹藤
831,  Orchidaceae 蘭科/Eria corneri 黃絨蘭
832,  Fabaceae 豆科/Entada pursaetha 鴨腱藤
833,  Sapindaceae 無患子科/Acer morrisonense 台灣紅榨槭
834,  Fagaceae 殼斗科/Castanea mollissima 板栗
835,  Campanulaceae 桔梗科/Adenophora morrisonensis subsp. uehatae 高山沙參
836,  Oleaceae 木犀科/Fraxinus griffithii 白雞油
837,  Adoxaceae 五福花科/Viburnum betulifolium 樺葉莢蒾
838,  Moraceae 桑科/Artocarpus lakoocha 猴面果
839,  Arecaceae 棕櫚科/Phoenix humilis var. loureiri 羅比親王海棗
840,  Cucurbitaceae 瓜科/Benincasa hispida 冬瓜
841,  Ericaceae 杜鵑花科/Rhododendron ×pulchrum 豔紫杜鵑
842,  Urticaceae 蕁麻科/Boehmeria wattersii 長葉苧麻
843,  Athyriaceae 蹄蓋蕨科/Deparia petersenii 假蹄蓋蕨
844,  Acanthaceae 爵床科/Hygrophila pogonocalyx 大安水蓑衣
845,  Lauraceae 樟科/Cinnamomum burmannii 陰香
846,  Davalliaceae 骨碎補科/Nephrolepis biserrata 長葉腎蕨
847,  Boraginaceae 紫草科/Trichodesma calycosum 假酸漿
848,  Theaceae 茶科/Camellia transnokoensis 泛能高山茶
849,  Lamiaceae 唇形科/Callicarpa japonica var. luxurians 朝鮮紫珠
850,  Lardizabalaceae 木通科/Stauntonia purpurea 紫花野木瓜
851,  Chloranthaceae 金粟蘭科/Chloranthus oldhamii 台灣及己
852,  Araliaceae 五加科/Aralia armata 虎刺蔥木
853,  Fagaceae 殼斗科/Quercus gilva 赤皮
854,  Fabaceae 豆科/Callerya reticulata 老荊藤
855,  Asteraceae 菊科/Hemisteptia lyrata 泥胡菜
856,  Euphorbiaceae 大戟科/Homonoia riparia 水楊梅
857,  Araliaceae 五加科/Hydrocotyle batrachium 台灣天胡荽
858,  Moraceae 桑科/Ficus carica 無花果
859,  Apiaceae 繖形科/Angelica hirsutiflora 濱當歸
860,  Celastraceae 衛矛科/Euonymus laxiflorus 大丁黃
861,  Celastraceae 衛矛科/Euonymus spraguei 刺果衛矛
862,  Lamiaceae 唇形科/Premna serratifolia 臭娘子
863,  Asteraceae 菊科/Ainsliaea latifolia subsp. henryi 台灣鬼督郵
864,  Araliaceae 五加科/Aralia cordata 食用土當歸
865,  Malvaceae 錦葵科/Waltheria americana 草梧桐
866,  Cannabaceae 大麻科/Humulus scandens 葎草
867,  Begoniaceae 秋海棠科/Begonia aptera 圓果秋海棠
868,  Asparagaceae 天門冬科/Drimiopsis kirkii 油點百合
869,  Oleaceae 木犀科/Chionanthus retusus 流蘇樹
870,  Araceae 天南星科/Pothos chinensis 柚葉藤
871,  Apocynaceae 夾竹桃科/Marsdenia tinctoria 絨毛芙蓉蘭
872,  Apiaceae 繖形科/Apium graveolens 芹菜
873,  Cornaceae 山茱萸科/Swida macrophylla 梜木
874,  Orchidaceae 蘭科/Corybas puniceus 豔紫盔蘭
875,  Apocynaceae 夾竹桃科/Parsonsia laevigata 爬森藤
876,  Asteraceae 菊科/Leontopodium microphyllum 玉山薄雪草
877,  Arecaceae 棕櫚科/Areca catechu 檳榔
878,  Araliaceae 五加科/Hydrocotyle nepalensis 乞食碗
879,  Araliaceae 五加科/Schefflera taiwaniana 台灣鵝掌柴
880,  Euphorbiaceae 大戟科/Mallotus repandus 扛香藤
881,  Lamiaceae 唇形科/Ocimum sanctum 神羅勒
882,  Moraceae 桑科/Ficus religiosa 菩提樹
883,  Cyatheaceae 桫欏科/Cyathea podophylla 鬼桫欏
884,  Ehretiaceae 厚殼樹科/Ehretia acuminata 厚殼樹
885,  Urticaceae 蕁麻科/Pellionia radicans 赤車使者
886,  Styracaceae 安息香科/Alniphyllum pterospermum 假赤楊
887,  Lamiaceae 唇形科/Clerodendrum kaempferi 龍船花
888,  Fabaceae 豆科/Cassia siamea 鐵刀木
889,  Piperaceae 胡椒科/Peperomia caperata 皺葉椒草
890,  Rubiaceae 茜草科/Psychotria serpens 拎壁龍
891,  Polypodiaceae 水龍骨科/Lepisorus thunbergianus 瓦葦
892,  Urticaceae 蕁麻科/Dendrocnide meyeniana 咬人狗
893,  Cupressaceae 柏科/Metasequoia glyptostroboides 水杉
894,  Juglandaceae 胡桃科/Engelhardia roxburghiana 黃杞
895,  Brassicaceae 十字花科/Brassica campestris var. amplexicaulis 油菜
896,  Lamiaceae 唇形科/Leucas chinensis 白花草
897,  Rubiaceae 茜草科/Hedyotis hedyotidea 南投涼喉茶
898,  Polypodiaceae 水龍骨科/Pseudodrynaria coronans 崖薑蕨
899,  Melastomataceae 野牡丹科/Bredia scandens 布勒德藤
900,  Ulmaceae 榆科/Ulmus parvifolia 紅雞油
901,  Dennstaedtiaceae 碗蕨科/Monachosorum henryi 稀子蕨
902,  Araliaceae 五加科/Hydrocotyle sibthorpioides 天胡荽
903,  Fabaceae 豆科/Vicia faba 蠶豆
904,  Primulaceae 櫻草科/Ardisia sieboldii 樹杞
905,  Ericaceae 杜鵑花科/Rhododendron mariesii 守城滿山紅
906,  Schisandraceae 五味子科/Schisandra arisanensis 阿里山五味子
907,  Brassicaceae 十字花科/Arabis lyrata subsp. kamchatica 玉山筷子芥
908,  Nymphaeaceae 睡蓮科/Nymphaea tetragona 睡蓮
909,  Stemonaceae 百部科/Stemona tuberosa 百部
910,  Convolvulaceae 旋花科/Evolvulus nuttallianus 藍星花
911,  Lauraceae 樟科/Neolitsea sericea 白新木薑子
912,  Fagaceae 殼斗科/Quercus pachyloma 捲斗櫟
913,  Apocynaceae 夾竹桃科/Dischidia formosana 風不動
914,  Typhaceae 香蒲科/Typha orientalis 香蒲
915,  Asparagaceae 天門冬科/Agave sisalana 瓊麻
916,  Asteraceae 菊科/Artemisia indica 艾
917,  Asteraceae 菊科/Vernonia amygdalina 扁桃斑鳩菊
918,  Eriocaulaceae 穀精草科/Eriocaulon sexangulare 大葉穀精草
919,  Athyriaceae 蹄蓋蕨科/Diplazium dilatatum 廣葉鋸齒雙蓋蕨
920,  Brassicaceae 十字花科/Rorippa indica 葶藶
921,  Ericaceae 杜鵑花科/Rhododendron breviperulatum 南澳杜鵑
922,  Campanulaceae 桔梗科/Wahlenbergia marginata 細葉蘭花參
923,  Pinaceae 松科/Picea morrisonicola 台灣雲杉
924,  Fagaceae 殼斗科/Quercus sessilifolia 毽子櫟
925,  Loganiaceae 馬錢科/Gardneria multiflora 多花蓬萊葛
926,  Coldeniaceae 生果草科/Coldenia procumbens 臥莖同籬生果草
927,  Poaceae 禾本科/Bambusa oldhamii 綠竹
928,  Sapotaceae 山欖科/Lucuma nervosa 蛋黃果
929,  Euphorbiaceae 大戟科/Excoecaria kawakamii 蘭嶼土沉香
930,  Lamiaceae 唇形科/Mentha canadensis 薄荷
931,  Myrtaceae 桃金孃科/Syzygium formosanum 台灣赤楠
932,  Asteraceae 菊科/Erechtites valerianifolia 飛機草
933,  Gesneriaceae 苦苣苔科/Paraboea swinhoei 旋莢木
934,  Apocynaceae 夾竹桃科/Cynanchum formosanum 台灣牛皮消
935,  Apocynaceae 夾竹桃科/Anodendron affine 小錦蘭
936,  Apocynaceae 夾竹桃科/Heterostemma brownii 布朗藤
937,  Moraceae 桑科/Ficus fistulosa 豬母乳
938,  Aquifoliaceae 冬青科/Ilex bioritsensis 苗栗冬青
939,  Apiaceae 繖形科/Oenanthe javanica 水芹菜
940,  Euphorbiaceae 大戟科/Acalypha wilkesiana 威氏鐵莧
941,  Phyllanthaceae 葉下珠科/Antidesma japonicum var. acutisepalum 南投五月茶
942,  Fagaceae 殼斗科/Quercus championii 嶺南青剛櫟
943,  Ebenaceae 柿樹科/Diospyros vaccinioides 楓港柿
944,  Pentaphylacaceae 五列木科/Eurya nitida 光葉柃木
945,  Fabaceae 豆科/Dalbergia sissoo 印度黃檀
946,  Fabaceae 豆科/Mucuna macrocarpa 血藤
947,  Pentaphylacaceae 五列木科/Eurya crenatifolia 假柃木
948,  Araliaceae 五加科/Aralia bipinnata 裡白蔥木
949,  Lauraceae 樟科/Sassafras randaiense 台灣擦樹
950,  Asteraceae 菊科/Crossostephium chinense 蘄艾
951,  Araceae 天南星科/Typhonium blumei 土半夏
952,  Balanophoraceae 蛇菰科/Balanophora harlandii 筆頭蛇菰
953,  Gentianaceae 龍膽科/Swertia tozanensis 高山當藥
954,  Fagaceae 殼斗科/Lithocarpus hancei 三斗石櫟
955,  Lauraceae 樟科/Laurus nobilis 月桂
956,  Rosaceae 薔薇科/Photinia serratifolia 石楠
957,  Selaginellaceae 卷柏科/Selaginella doederleinii 生根卷柏
958,  Melastomataceae 野牡丹科/Blastus cochinchinensis 柏拉木
959,  Cupressaceae 柏科/Calocedrus macrolepis var. formosana 台灣肖楠
960,  Lauraceae 樟科/Persea americana 酪梨
961,  Lauraceae 樟科/Cinnamomum verum 錫蘭肉桂
962,  Lamiaceae 唇形科/Tectona grandis 柚木
963,  Linderniaceae 母草科/Lindernia antipoda 泥花草
964,  Oleaceae 木犀科/Ligustrum liukiuense 日本女貞
965,  Orchidaceae 蘭科/Goodyera nankoensis 南湖斑葉蘭
966,  Lauraceae 樟科/Neolitsea acuminatissima 高山新木薑子
967,  Athyriaceae 蹄蓋蕨科/Diplazium esculentum 過溝菜蕨
968,  Piperaceae 胡椒科/Piper sintenense 薄葉風藤
969,  Vitaceae 葡萄科/Vitis vinifera 葡萄
970,  Rosaceae 薔薇科/Sorbus randaiensis 巒大花楸
971,  Fabaceae 豆科/Vigna unguiculata 豇豆
972,  Pteridaceae 鳳尾蕨科/Adiantum capillus-veneris 鐵線蕨
973,  Araliaceae 五加科/Pentapanax castanopsidicola 台灣五葉參
974,  Adoxaceae 五福花科/Viburnum plicatum var. formosanum 台灣蝴蝶戲珠花
975,  Moraceae 桑科/Ficus ampelos 菲律賓榕
976,  Annonaceae 番荔枝科/Polyalthia liukiuensis 琉球暗羅
977,  Fabaceae 豆科/Acacia confusa 相思樹
978,  Polygonaceae 蓼科/Polygonum perfoliatum 扛板歸
979,  Mitrastemonaceae 奴草科/Mitrastemon kawasasakii 台灣奴草
980,  Orchidaceae 蘭科/Cheirostylis tortilacinia 和社指柱蘭
981,  Cornaceae 山茱萸科/Swida controversa 燈台樹
982,  Actinidiaceae 獼猴桃科/Saurauia tristyla var. oldhamii 水冬瓜
983,  Moraceae 桑科/Ficus formosana 天仙果
984,  Asteraceae 菊科/Artemisia lactiflora 角菜
985,  Acanthaceae 爵床科/Rungia taiwanensis 台灣明萼草
986,  Rubiaceae 茜草科/Wendlandia uvariifolia 水錦樹
987,  Polygonaceae 蓼科/Polygonum multiflorum var. hypoleucum 台灣何首烏
988,  Fabaceae 豆科/Derris elliptica 魚藤
989,  Melastomataceae 野牡丹科/Pachycentria formosana 台灣厚距花
990,  Blechnaceae 烏毛蕨科/Blechnum orientale 烏毛蕨
991,  Gentianaceae 龍膽科/Swertia macrosperma 大籽當藥
992,  Cannabaceae 大麻科/Trema cannabina 銳葉山黃麻
993,  Apiaceae 繖形科/Pimpinella niitakayamensis 玉山茴香
994,  Caprifoliaceae 忍冬科/Linnaea chinensis 台灣糯米條
995,  Cucurbitaceae 瓜科/Mukia maderaspatana 天花
996,  Euphorbiaceae 大戟科/Chamaesyce serpens 匍根大戟
997,  Nymphaeaceae 睡蓮科/Nymphaea rubra 紅花睡蓮
998,  Poaceae 禾本科/Imperata cylindrica var. major 白茅
999,  Urticaceae 蕁麻科/Pilea aquarum subsp. brevicornuta 短角冷水麻
1000,  Ericaceae 杜鵑花科/Rhododendron formosanum 台灣杜鵑
1001,  Ericaceae 杜鵑花科/Vaccinium bracteatum 米飯花
1002,  Simaroubaceae 苦木科/Ailanthus altissima var. tanakae 臭椿
1003,  Apocynaceae 夾竹桃科/Trachelospermum lanyuense 蘭嶼絡石
1004,  Fagaceae 殼斗科/Quercus serrata var. brevipetiolata 短柄枹櫟
1005,  Gentianaceae 龍膽科/Centaurium japonicum 百金
1006,  Alismataceae 澤瀉科/Sagittaria trifolia 三腳剪
1007,  Lauraceae 樟科/Neolitsea sericea var. aurata 金新木薑子
1008,  Asteraceae 菊科/Gymnocoronis spilanthoides 光冠水菊
1009,  Moraceae 桑科/Ficus caulocarpa 大葉雀榕
1010,  Ebenaceae 柿樹科/Diospyros kaki 柿
1011,  Asteraceae 菊科/Anaphalis nepalensis 尼泊爾籟簫
1012,  Fabaceae 豆科/Haematoxylum campechianum 墨水樹
1013,  Cucurbitaceae 瓜科/Trichosanthes anguina 蛇瓜
1014,  Primulaceae 櫻草科/Ardisia quinquegona 小葉樹杞
1015,  Asteraceae 菊科/Pluchea sagittalis 翼莖闊苞菊
1016,  Apocynaceae 夾竹桃科/Jasminanthes mucronata 舌瓣花
1017,  Gentianaceae 龍膽科/Gentiana flavomaculata 黃斑龍膽
1018,  Brassicaceae 十字花科/Lepidium virginicum 獨行菜
1019,  Rubiaceae 茜草科/Lasianthus wallichii 圓葉雞屎樹
1020,  Urticaceae 蕁麻科/Pilea rotundinucula 圓果冷水麻
1021,  Menispermaceae 防己科/Cocculus laurifolius 樟葉木防己
1022,  Lamiaceae 唇形科/Clerodendrum canescens 白毛臭牡丹
1023,  Asteraceae 菊科/Aster ageratoides 山白蘭
1024,  Arecaceae 棕櫚科/Calamus quiquesetinervius 黃藤
1025,  Orchidaceae 蘭科/Gastrodia albida 白赤箭
1026,  Gesneriaceae 苦苣苔科/Whytockia sasakii 台灣異葉苣苔
1027,  Asteraceae 菊科/Artemisia capillaris 茵陳蒿
1028,  Crassulaceae 景天科/Sedum formosanum 台灣佛甲草
1029,  Ehretiaceae 厚殼樹科/Ehretia dicksonii 破布烏
1030,  Balsaminaceae 鳳仙花科/Impatiens devolii 棣慕華鳳仙花
1031,  Fagaceae 殼斗科/Lithocarpus brevicaudatus 短尾柯
1032,  Hydrangeaceae 八仙花科/Deutzia taiwanensis 台灣溲疏
1033,  Urticaceae 蕁麻科/Nanocnide japonica 花點草
1034,  Taxaceae 紅豆杉科/Amentotaxus formosana 台灣穗花杉
1035,  Lamiaceae 唇形科/Callicarpa kochiana 鬼紫珠
1036,  Araceae 天南星科/Arisaema formosanum 台灣天南星
1037,  Elaeagnaceae 胡頹子科/Elaeagnus oldhamii 宜梧
1038,  Cibotiaceae 金狗毛蕨科/Cibotium taiwanense 台灣金狗毛蕨
1039,  Blechnaceae 烏毛蕨科/Woodwardia unigemmata 生芽狗脊蕨
1040,  Blechnaceae 烏毛蕨科/Woodwardia orientalis var. formosana 台灣狗脊蕨
1041,  Arecaceae 棕櫚科/Mascarena verschaffeltii 棍棒椰子
1042,  Moraceae 桑科/Ficus aruiculata 象耳榕
1043,  Orchidaceae 蘭科/Gastrodia appendiculata 無蕊喙赤箭
1044,  Fabaceae 豆科/Sesbania cannabina 田菁
1045,  Lamiaceae 唇形科/Salvia nipponica var. formosana 黃花鼠尾草
1046,  Iridaceae 鳶尾科/Iris formosana 台灣鳶尾
1047,  Fabaceae 豆科/Dendrolobium umbellatum 白木蘇花
1048,  Betulaceae 樺木科/Corylus heterophylla 榛樹
1049,  Celastraceae 衛矛科/Euonymus carnosus 厚葉衛矛
1050,  Cannabaceae 大麻科/Trema orientalis 山黃麻
1051,  Amaranthaceae 莧科/Rhinacanthus nasutus 仙鶴草
1052,  Asteraceae 菊科/Conyza bonariensis 美洲假蓬
1053,  Rosaceae 薔薇科/Rubus taitoensis var. aculeatiflorus 刺花懸鉤子
1054,  Orchidaceae 蘭科/Gastrodia flabilabella 夏赤箭
1055,  Styracaceae 安息香科/Styrax matsumuraei 台灣野茉莉
1056,  Phyllanthaceae 葉下珠科/Phyllanthus emblica 油柑
1057,  Gesneriaceae 苦苣苔科/Lysionotus pauciflorus 石吊蘭
1058,  Crassulaceae 景天科/Sedum sarmentosum 垂盆草
1059,  Melanthiaceae 黑葯花科/Veratrum formosanum 台灣藜蘆
1060,  Acanthaceae 爵床科/Hypoestes sanguinolenta 嫣紅蔓
1061,  Pinaceae 松科/Pinus massoniana 馬尾松
1062,  Myristicaceae 肉荳蔻科/Myristica ceylanica var. cagayanensis 蘭嶼肉豆蔻
1063,  Nyssaceae 藍果樹科/Camptotheca acuminata 喜樹
1064,  Ranunculaceae 毛茛科/Clematis parviloba subsp. bartlettii 巴氏鐵線蓮
1065,  Rosaceae 薔薇科/Rubus formosensis 台灣懸鉤子
1066,  Fagaceae 殼斗科/Lithocarpus lepidocarpus 鬼石櫟
1067,  Onagraceae 柳葉菜科/Oenothera stricta 待宵草
1068,  Asteraceae 菊科/Pluchea indica 鯽魚膽
1069,  Elaeagnaceae 胡頹子科/Elaeagnus formosana 台灣胡頹子
1070,  Apocynaceae 夾竹桃科/Anodendron benthamianum 大錦蘭
1071,  Pinaceae 松科/Keteleeria davidiana var. formosana 台灣油杉
1072,  Hydrangeaceae 八仙花科/Deutzia cordatula 心基葉溲疏
1073,  Amaranthaceae 莧科/Celosia argentea 青葙
1074,  Rosaceae 薔薇科/Pourthiaea lucida 台灣石楠
1075,  Onagraceae 柳葉菜科/Ludwigia erecta 美洲水丁香
1076,  Asteraceae 菊科/Myriactis humilis 矮菊
1077,  Apiaceae 繖形科/Cryptotaenia japonica 鴨兒芹
1078,  Pentaphylacaceae 五列木科/Eurya chinensis 米碎柃木
1079,  Lamiaceae 唇形科/Mesona chinensis 仙草
1080,  Apiaceae 繖形科/Sanicula lamelligera 三葉山芹菜
1081,  Euphorbiaceae 大戟科/Euphorbia jolkinii 岩大戟
1082,  Arecaceae 棕櫚科/Cocos nucifera 可可椰子
1083,  Celastraceae 衛矛科/Celastrus kusanoi 大葉南蛇藤
1084,  Molluginaceae 粟米草科/Mollugo stricta 粟米草
1085,  Fagaceae 殼斗科/Castanopsis cuspidata fo. sessilis 單刺苦櫧
1086,  Asteraceae 菊科/Echinops grijsii 漏盧
1087,  Plantaginaceae 車前科/Ellisiophyllum pinnatum 海螺菊
1088,  Salviniaceae 槐葉蘋科/Salvinia natans 槐葉蘋
1089,  Apocynaceae 夾竹桃科/Tylophora taiwanensis 台灣鷗蔓
1090,  Balsaminaceae 鳳仙花科/Impatiens balsamina 鳳仙花
1091,  Melanthiaceae 黑葯花科/Helonias umbellata 台灣胡麻花
1092,  Asteraceae 菊科/Gnaphalium purpureum 鼠麴舅
1093,  Berberidaceae 小檗科/Berberis kawakamii 台灣小檗
1094,  Plantaginaceae 車前科/Hemiphragma heterophyllum 腰只花
1095,  Orchidaceae 蘭科/Gastrochilus fuscopunctatus 紅斑松蘭
1096,  Styracaceae 安息香科/Styrax suberifolius 紅皮
1097,  Orchidaceae 蘭科/Eria ovata 大腳筒蘭
1098,  Cornaceae 山茱萸科/Benthamidia japonica var. chinensis 四照花
1099,  Clusiaceae 藤黃科/Garcinia xanthochymus 蛋樹
1100,  Asteraceae 菊科/Acmella uliginosa 沼生金鈕扣
1101,  Elaeagnaceae 胡頹子科/Elaeagnus pungens 胡頹子
1102,  Lamiaceae 唇形科/Salvia hayatae 早田氏鼠尾草
1103,  Araceae 天南星科/Amorphophallus kiusianus 東亞魔芋
1104,  Phyllanthaceae 葉下珠科/Flueggea suffruticosa 白飯樹
1105,  Fabaceae 豆科/Vigna radiata 綠豆
1106,  Cupressaceae 柏科/Chamaecyparis obtusa var. formosana 台灣扁柏
1107,  Annonaceae 番荔枝科/Goniothalamus amuyon 恆春哥納香
1108,  Poaceae 禾本科/Zea mays 玉米
1109,  Araliaceae 五加科/Dendropanax trifidus 三菱果樹參
1110,  Thelypteridaceae 金星蕨科/Cyclosorus acuminatus 毛蕨
1111,  Lauraceae 樟科/Cinnamomum kotoense 蘭嶼肉桂
1112,  Boraginaceae 紫草科/Cynoglossum alpestre 高山倒提壺
1113,  Asteraceae 菊科/Ligularia japonica 大吳風草
1114,  Asteraceae 菊科/Tagetes erecta 萬壽菊
1115,  Celastraceae 衛矛科/Maytenus emarginata 蘭嶼裸實
1116,  Caryophyllaceae 石竹科/Cerastium trigynum var. morrisonense 玉山卷耳
1117,  Euphorbiaceae 大戟科/Melanolepis multiglandulosa 蟲屎
1118,  Dennstaedtiaceae 碗蕨科/Hypolepis punctata 姬蕨
1119,  Clusiaceae 藤黃科/Garcinia multiflora 福木
1120,  Asteraceae 菊科/Mikania cordata 蔓澤蘭
1121,  Asteraceae 菊科/Anthemis nobilis 羅馬洋甘菊
1122,  Acanthaceae 爵床科/Lepidagathis formosensis 台灣鱗球花
1123,  Ebenaceae 柿樹科/Diospyros maritima 黃心柿
1124,  Ebenaceae 柿樹科/Diospyros philippensis 毛柿
1125,  Cucurbitaceae 瓜科/Gynostemma pentaphyllum 絞股藍
1126,  Orchidaceae 蘭科/Anoectochilus koshunensis 恆春金線蓮
1127,  Orchidaceae 蘭科/Cyrtosia javanica 肉果蘭
1128,  Araliaceae 五加科/Hydrocotyle leucocephala 白頭天胡荽
1129,  Fagaceae 殼斗科/Quercus longinux 錐果櫟
1130,  Thymelaeaceae 瑞香科/Daphne kiusiana var. atrocaulis 白花瑞香
1131,  Liliaceae 百合科/Liriope minor var. angustissima 細葉麥門冬
1132,  Asteraceae 菊科/Petasites formosanus 台灣款冬
1133,  Menispermaceae 防己科/Cyclea gracillima 土防己
1134,  Asteraceae 菊科/Cirsium arisanense 阿里山薊
1135,  Ebenaceae 柿樹科/Diospyros eriantha 軟毛柿
1136,  Lauraceae 樟科/Machilus japonica var. kusanoi 大葉楠
1137,  Fagaceae 殼斗科/Castanopsis fargesii 火燒柯
1138,  Asteraceae 菊科/Melampodium divaricatum 黃帝菊
1139,  Salicaceae 楊柳科/Salix kusanoi 水社柳
1140,  Primulaceae 櫻草科/Ardisia squamulosa 春不老
1141,  Orchidaceae 蘭科/Liparis formosana 寶島羊耳蒜
1142,  Apiaceae 繖形科/Angelica dahurica var. formosana 野當歸
1143,  Asteraceae 菊科/Stevia rebaudiana 甜菊
1144,  Asteraceae 菊科/Ixeris debilis 細葉剪刀股
1145,  Sabiaceae 清風藤科/Sabia swinhoei 台灣清風藤
1146,  Ranunculaceae 毛茛科/Clematis akoensis 屏東鐵線蓮
1147,  Ebenaceae 柿樹科/Diospyros morrisiana 山紅柿
1148,  Fagaceae 殼斗科/Fagus hayatae 台灣水青岡
1149,  Asteraceae 菊科/Gnaphalium pensylvanicum 匙葉鼠麴草
1150,  Brassicaceae 十字花科/Brassica chinensis 小白菜
1151,  Lauraceae 樟科/Neolitsea konishii 五掌楠
1152,  Theaceae 茶科/Camellia brevistyla 短柱山茶
1153,  Pentaphylacaceae 五列木科/Adinandra formosana 台灣楊桐
1154,  Urticaceae 蕁麻科/Elatostema platyphylloides 闊葉樓梯草
1155,  Dennstaedtiaceae 碗蕨科/Microlepia speluncae 熱帶鱗蓋蕨
1156,  Caryophyllaceae 石竹科/Stellaria arisanensis 阿里山繁縷
1157,  Rubiaceae 茜草科/Serissa serissoides 六月雪
1158,  Lauraceae 樟科/Machilus zuihoensis 香楠
1159,  Betulaceae 樺木科/Carpinus rankanensis 蘭邯千金榆
1160,  Sabiaceae 清風藤科/Meliosma rhoifolia 山豬肉
1161,  Orchidaceae 蘭科/Gastrodia uraiensis 烏來赤箭
1162,  Orchidaceae 蘭科/Phaius flavus 黃鶴頂蘭
1163,  Apocynaceae 夾竹桃科/Ecdysanthera utilis 乳藤
1164,  Caprifoliaceae 忍冬科/Patrinia formosana 台灣敗醬
1165,  Asteraceae 菊科/Emilia praetermissa 粉黃纓絨花
1166,  Asteraceae 菊科/Ainsliaea macroclinidioides 阿里山鬼督郵
1167,  Asteraceae 菊科/Soliva anthemifolia 假吐金菊
1168,  Boraginaceae 紫草科/Thyrocarpus sampsonii 盾果草
1169,  Fabaceae 豆科/Ormosia formosana 台灣紅豆樹
1170,  Poaceae 禾本科/Dendrocalamus latiflorus 麻竹
1171,  Fabaceae 豆科/Millettia pachycarpa 台灣魚藤
1172,  Orchidaceae 蘭科/Bulbophyllum electrinum var. calvum 無毛捲瓣蘭
1173,  Moraceae 桑科/Ficus cumingii var. terminalifolia 對葉榕
1174,  Orchidaceae 蘭科/Corybas taiwanensis 紅盔蘭
1175,  Lamiaceae 唇形科/Premna microphylla 臭黃荊
1176,  Ericaceae 杜鵑花科/Pyrola morrisonensis 玉山鹿蹄草
1177,  Fabaceae 豆科/Pterocarpus indicus 印度紫檀
1178,  Urticaceae 蕁麻科/Procris laevigata 烏來麻
1179,  Fagaceae 殼斗科/Quercus spinosa 高山櫟
1180,  Symplocaceae 灰木科/Symplocos morrisonicola 玉山灰木
1181,  Fabaceae 豆科/Samanea saman 雨豆樹
1182,  Euphorbiaceae 大戟科/Euphorbia formosana 台灣大戟
1183,  Primulaceae 櫻草科/Myrsine seguinii 大明橘
1184,  Fabaceae 豆科/Galactia tenuiflora 細花乳豆
1185,  Campanulaceae 桔梗科/Peracarpa carnosa 山桔梗
1186,  Asteraceae 菊科/Eupatorium clematideum var. gracillimum 高士佛澤蘭
1187,  Solanaceae 茄科/Nicotiana plumbaginifolia 皺葉煙草
1188,  Ehretiaceae 厚殼樹科/Ehretia longiflora 長花厚殼樹
1189,  Solanaceae 茄科/Tubocapsicum anomalum 龍珠
1190,  Osmundaceae 紫萁科/Osmunda banksiifolia 粗齒革葉紫萁
1191,  Hamamelidaceae 金縷梅科/Corylopsis stenopetala 台灣瑞木
1192,  Apocynaceae 夾竹桃科/Cryptolepis sinensis 隱鱗藤
1193,  Actinidiaceae 獼猴桃科/Actinidia chinensis var. setosa 台灣羊桃
1194,  Gentianaceae 龍膽科/Tripterospermum taiwanense 台灣肺形草
1195,  Asteraceae 菊科/Pluchea carolinensis 美洲闊苞菊
1196,  Liliaceae 百合科/Lilium longiflorum var. scabrum 粗莖麝香百合
1197,  Lauraceae 樟科/Lindera megaphylla 大香葉樹
1198,  Poaceae 禾本科/Paspalum conjugatum 兩耳草
1199,  Lauraceae 樟科/Cryptocarya chinensis 厚殼桂
1200,  Lamiaceae 唇形科/Scutellaria austrotaiwanensis 南台灣黃芩
1201,  Polygonaceae 蓼科/Polygonum runcinatum 玉山蓼
1202,  Polypodiaceae 水龍骨科/Polypodium formosanum 台灣水龍骨
1203,  Araucariaceae 南洋杉科/Agathis dammara 貝殼杉
1204,  Acanthaceae 爵床科/Fittonia verschaffeltii var. argyroneura 白網紋草
1205,  Orchidaceae 蘭科/Bulbophyllum aureolabellum 小豆蘭
1206,  Liliaceae 百合科/Tricyrtis formosana var. lasiocarpa 毛果油點草
1207,  Adoxaceae 五福花科/Viburnum parvifolium 小葉莢蒾
1208,  Bignoniaceae 紫葳科/Parmentiera edulis 食用蠟燭木
1209,  Primulaceae 櫻草科/Lysimachia ardisioides 台灣排香
1210,  Salicaceae 楊柳科/Salix fulvopubescens 褐毛柳
1211,  Elaeagnaceae 胡頹子科/Elaeagnus glabra 藤胡頹子
1212,  Euphorbiaceae 大戟科/Mercurialis leiocarpa 山靛
1213,  Selaginellaceae 卷柏科/Selaginella uncinata 藍地柏
1214,  Adoxaceae 五福花科/Viburnum sympodiale 假繡球
1215,  Aquifoliaceae 冬青科/Ilex rotunda 鐵冬青
1216,  Heliotropiaceae 天芹菜科/Heliotropium procumbens var. depressum 伏毛天芹菜
1217,  Rosaceae 薔薇科/Photinia serratifolia var. lasiopetala 毛瓣石楠
1218,  Acanthaceae 爵床科/Staurogyne concinnula 哈哼花
1219,  Orchidaceae 蘭科/Cephalanthera alpicola 高山頭蕊蘭
1220,  Rubiaceae 茜草科/Ophiorrhiza pumila 白花蛇根草
1221,  Rutaceae 芸香科/Glycosmis citrifolia 石苓舅
1222,  Proteaceae 山龍眼科/Macadamia ternifolia 澳洲胡桃
1223,  Campanulaceae 桔梗科/Cyclocodon lancifolius 台灣土黨參
1224,  Rubiaceae 茜草科/Uncaria hirsuta 台灣鉤藤
1225,  Plantaginaceae 車前科/Veronicastrum axillare var. simadai 新竹腹水草
1226,  Poaceae 禾本科/Yushania niitakayamensis 玉山箭竹
1227,  Urticaceae 蕁麻科/Pouzolzia elegans 水雞油
1228,  Apocynaceae 夾竹桃科/Alyxia taiwanensis 台灣念珠藤
1229,  Convolvulaceae 旋花科/Jacquemontia paniculata 娥房藤
1230,  Rosaceae 薔薇科/Spiraea hayatana 假繡線菊
1231,  Rosaceae 薔薇科/Spiraea morrisonicola 玉山繡線菊
1232,  Rosaceae 薔薇科/Pourthiaea villosa var. parvifolia 小葉石楠
1233,  Fagaceae 殼斗科/Quercus tarokoensis 太魯閣櫟
1234,  Onagraceae 柳葉菜科/Epilobium amurense 黑龍江柳葉菜
1235,  Loranthaceae 桑寄生科/Taxillus tsaii 蓮華池寄生
1236,  Fabaceae 豆科/Pachyrhizus erosus 豆薯
1237,  Balsaminaceae 鳳仙花科/Impatiens tayemonii 黃花鳳仙花
1238,  Lamiaceae 唇形科/Lycopus lucidus 地筍
1239,  Celastraceae 衛矛科/Celastrus punctatus 光果南蛇藤
1240,  Sapindaceae 無患子科/Sapindus mukorossi 無患子
1241,  Acanthaceae 爵床科/Strobilanthes formosanus 台灣馬藍
1242,  Lamiaceae 唇形科/Hyptis rhomboidea 頭花香苦草
1243,  Apiaceae 繖形科/Angelica morii 森氏當歸
1244,  Selaginellaceae 卷柏科/Selaginella delicatula 全緣卷柏
1245,  Fabaceae 豆科/Canavalia lineata 肥豬豆
1246,  Theaceae 茶科/Camellia nokoensis 能高山茶
1247,  Amaranthaceae 莧科/Deeringia polysperma 多子漿果莧
1248,  Hamamelidaceae 金縷梅科/Distylium gracile 細葉蚊母樹
1249,  Boraginaceae 紫草科/Trigonotis formosana var. elevatovenosa 臺北附地草
1250,  Orchidaceae 蘭科/Holcoglossum pumilum 小鹿角蘭
1251,  Euphorbiaceae 大戟科/Aleurites fordii 油桐
1252,  Cycadaceae 蘇鐵科/Cycas taitungensis 臺東蘇鐵
1253,  Solanaceae 茄科/Solanum diphyllum 瑪瑙珠
1254,  Rhamnaceae 鼠李科/Rhamnus formosana 桶鉤藤
1255,  Araliaceae 五加科/Hedera helix 常春藤
1256,  Melastomataceae 野牡丹科/Bredia oldhamii 金石榴
1257,  Elaeocarpaceae 杜英科/Sloanea formosana 猴歡喜
1258,  Thymelaeaceae 瑞香科/Daphne arisanensis 台灣瑞香
1259,  Onagraceae 柳葉菜科/Ludwigia decurrens 翼莖水丁香
1260,  Urticaceae 蕁麻科/Pilea matsudai 細尾冷水麻
1261,  Fagaceae 殼斗科/Quercus salicina 白背櫟
1262,  Asteraceae 菊科/Syneilesis subglabrata 高山破傘菊
1263,  Moraceae 桑科/Ficus irisana 澀葉榕
1264,  Saxifragaceae 虎耳草科/Astilbe longicarpa 落新婦
1265,  Asteraceae 菊科/Ixeridium laevigatum 刀傷草
1266,  Primulaceae 櫻草科/Embelia laeta 藤木槲
1267,  Urticaceae 蕁麻科/Leucosyke quadrinervia 四脈麻
1268,  Urticaceae 蕁麻科/Pilea peploides var. major 齒葉矮冷水麻
1269,  Plantaginaceae 車前科/Callitriche verna 水馬齒
1270,  Apocynaceae 夾竹桃科/Trachelospermum formosanum 台灣絡石
1271,  Oleaceae 木犀科/Jasminum nervosum 山素英
1272,  Araliaceae 五加科/Polyscias guilfoylei 福祿桐
1273,  Araliaceae 五加科/Brassaia actinophylla 澳洲鴨腳木
1274,  Smilacaceae 菝葜科/Smilax bracteata var. verruculosa 糙莖菝葜
1275,  Elaeocarpaceae 杜英科/Elaeocarpus japonicus 薯豆
1276,  Cucurbitaceae 瓜科/Trichosanthes laceribractea 槭葉括樓
1277,  Amaranthaceae 莧科/Chenopodium formosanum 台灣藜
1278,  Elaeagnaceae 胡頹子科/Elaeagnus triflora 菲律賓胡頹子
1279,  Pteridaceae 鳳尾蕨科/Pteris semipinnata 半邊羽裂鳳尾蕨
1280,  Apocynaceae 夾竹桃科/Tabernaemontana elegans 蟾蜍樹
1281,  Fabaceae 豆科/Alysicarpus ovalifolius 圓葉煉莢豆
1282,  Acanthaceae 爵床科/Peristrophe roxburghiana 長花九頭獅子草
1283,  Euphorbiaceae 大戟科/Euphorbia cotinifolia 紫錦木
1284,  Pinaceae 松科/Pseudotsuga wilsoniana 台灣黃杉
1285,  Lamiaceae 唇形科/Salvia miltiorrhiza 丹參
1286,  Actinidiaceae 獼猴桃科/Actinidia rufa 腺齒獼猴桃
1287,  Orchidaceae 蘭科/Gastrodia theana 短柱赤箭
1288,  Santalaceae 檀香科/Viscum alniformosanae 台灣槲寄生
1289,  Orchidaceae 蘭科/Gastrochilus matsudai 寬唇松蘭
1290,  Amaranthaceae 莧科/Deeringia amaranthoides 漿果莧
1291,  Lauraceae 樟科/Machilus obovatifolia 恆春楨楠
1292,  Adoxaceae 五福花科/Viburnum foetidum var. rectangulatum 狹葉莢蒾
1293,  Gentianaceae 龍膽科/Tripterospermum lanceolatum 玉山肺形草
1294,  Athyriaceae 蹄蓋蕨科/Diplazium donianum 細柄雙蓋蕨
1295,  Lamiaceae 唇形科/Clinopodium laxiflorum 疏花風輪菜
1296,  Ebenaceae 柿樹科/Diospyros oldhamii 俄氏柿
1297,  Fabaceae 豆科/Phaseolus vulgaris 菜豆
1298,  Rubiaceae 茜草科/Randia spinosa 對面花
1299,  Acanthaceae 爵床科/Strobilanthes cusia 馬藍
1300,  Meliaceae 楝科/Aglaia elliptifolia 大葉樹蘭
1301,  Polypodiaceae 水龍骨科/Aglaomorpha meyeniana 連珠蕨
1302,  Urticaceae 蕁麻科/Urtica taiwaniana 台灣蕁麻
1303,  Polygonaceae 蓼科/Muehlenbeckia platyclada 竹節蓼
1304,  Orchidaceae 蘭科/Cymbidium lancifolium var. aspidistrifolium 綠花竹柏蘭
1305,  Poaceae 禾本科/Eleusine indica 牛筋草
1306,  Lauraceae 樟科/Cinnamomum subavenium 香桂
1307,  Poaceae 禾本科/Setaria italica 小米
1308,  Orchidaceae 蘭科/Cheirostylis octodactyla 羽唇指柱蘭
1309,  Annonaceae 番荔枝科/Fissistigma glaucescens 裏白瓜馥木
1310,  Loganiaceae 馬錢科/Mitrasacme pygmaea 矮形光巾草
1311,  Polypodiaceae 水龍骨科/Microsorum fortunei 大星蕨
1312,  Fagaceae 殼斗科/Lithocarpus harlandii 短尾葉石櫟
1313,  Hydrangeaceae 八仙花科/Schizophragma integrifolium var. fauriei 圓葉鑽地風
1314,  Solanaceae 茄科/Capsicum annuum var. grossum 甜椒
1315,  Acanthaceae 爵床科/Strobilanthes flexicaulis 曲莖馬藍
1316,  Actinidiaceae 獼猴桃科/Actinidia latifolia 闊葉獼猴桃
1317,  Hydrangeaceae 八仙花科/Pileostegia viburnoides 青棉花
1318,  Rosaceae 薔薇科/Pourthiaea beauverdiana var. notabilis 台灣老葉兒樹
1319,  Phyllanthaceae 葉下珠科/Antidesma japonicum var. densiflorum 密花五月茶
1320,  Loranthaceae 桑寄生科/Taxillus liquidambaricola 大葉桑寄生
1321,  Asteraceae 菊科/Cirsium kawakamii 玉山薊
1322,  Asteraceae 菊科/Aster taiwanensis 台灣馬蘭
1323,  Orchidaceae 蘭科/Liparis elliptica 扁球羊耳蒜
1324,  Cucurbitaceae 瓜科/Trichosanthes homophylla 芋葉括樓
1325,  Apocynaceae 夾竹桃科/Cynanchum lanhsuense 蘭嶼牛皮消
1326,  Calophyllaceae 紅厚殼科/Calophyllum blancoi 蘭嶼胡桐
1327,  Rosaceae 薔薇科/Rhaphiolepis indica var. hiiranensis 恆春石斑木
1328,  Rosaceae 薔薇科/Prinsepia scandens 假皂莢
1329,  Caprifoliaceae 忍冬科/Lonicera oiwakensis 追分忍冬
1330,  Tectariaceae 三叉蕨科/Hemigramma decurrens 沙皮蕨
1331,  Melastomataceae 野牡丹科/Bredia hirsuta 毛布勒德藤
1332,  Rosaceae 薔薇科/Rubus wallichianus 鬼懸鉤子
1333,  Asteraceae 菊科/Senecio scandens 蔓黃菀
1334,  Symplocaceae 灰木科/Symplocos modesta 小葉白筆
1335,  Rosaceae 薔薇科/Photinia serratifolia var. ardisiifolia 臺東石楠
1336,  Onagraceae 柳葉菜科/Epilobium nankotaizanense 南湖柳葉菜
1337,  Dryopteridaceae 鱗毛蕨科/Arachniodes rhomboidea 斜方複葉耳蕨
1338,  Piperaceae 胡椒科/Piper betle 荖藤
1339,  Fabaceae 豆科/Crotalaria albida 響鈴豆
1340,  Thelypteridaceae 金星蕨科/Cyclosorus taiwanensis 台灣圓腺蕨
1341,  Orchidaceae 蘭科/Gastrodia fontinalis 春赤箭
1342,  Urticaceae 蕁麻科/Debregeasia orientalis 水麻
1343,  Theaceae 茶科/Camellia tenuifolia 細葉山茶
1344,  Asteraceae 菊科/Carpesium nepalense 黃金珠
1345,  Paulowniaceae 泡桐科/Paulownia fortunei 泡桐
1346,  Rosaceae 薔薇科/Potentilla tugitakensis 雪山翻白草
1347,  Pteridaceae 鳳尾蕨科/Adiantum caudatum 鞭葉鐵線蕨
1348,  Aspleniaceae 鐵角蕨科/Asplenium wrightii 萊氏鐵角蕨
1349,  Sabiaceae 清風藤科/Meliosma callicarpifolia 紫珠葉泡花
1350,  Podocarpaceae 羅漢松科/Podocarpus fasciculus 叢花百日青
1351,  Araliaceae 五加科/Sinopanax formosanus 華參
1352,  Balanophoraceae 蛇菰科/Balanophora fungosa 粗穗蛇菰
1353,  Fagaceae 殼斗科/Castanopsis kawakamii 大葉苦儲
1354,  Cucurbitaceae 瓜科/Siraitia taiwaniana 台灣羅漢果
1355,  Fabaceae 豆科/Senna tora 決明
1356,  Lauraceae 樟科/Cinnamomum cassia 肉桂
1357,  Primulaceae 櫻草科/Primula miyabeana 玉山櫻草
1358,  Aquifoliaceae 冬青科/Ilex cochinchinensis 革葉冬青
1359,  Celastraceae 衛矛科/Euonymus cochinchinensis 交趾衛矛
1360,  Boraginaceae 紫草科/Trigonotis formosana 台灣附地草
1361,  Euphorbiaceae 大戟科/Chamaesyce thymifolia 千根草
1362,  Phyllanthaceae 葉下珠科/Phyllanthus myrtifolius 錫蘭葉下珠
1363,  Rubiaceae 茜草科/Hedyotis strigulosa var. parvifolia 脈耳草
1364,  Theaceae 茶科/Camellia sinensis 茶
1365,  Malvaceae 錦葵科/Reevesia formosana 台灣梭羅樹
1366,  Sabiaceae 清風藤科/Meliosma squamulata 綠樟
1367,  Fagaceae 殼斗科/Castanopsis chinensis 桂林栲
1368,  Lamiaceae 唇形科/Suzukia shikikunensis 鈴木草
1369,  Fabaceae 豆科/Phyllodium pulchellum 排錢樹
1370,  Rutaceae 芸香科/Skimmia arisanensis 阿里山茵芋
1371,  Salviniaceae 槐葉蘋科/Azolla japonica 日本滿江紅
1372,  Lauraceae 樟科/Cinnamomum kanehirae 牛樟
1373,  Polypodiaceae 水龍骨科/Drynaria fortunei 槲蕨
1374,  Rutaceae 芸香科/Skimmia japonica var. distinctevenulosa 顯脈茵芋
1375,  Lamiaceae 唇形科/Clerodendrum calamitosum 化石樹
1376,  Rutaceae 芸香科/Citrus ponki 柑橘
1377,  Asparagaceae 天門冬科/Asparagus densiflorus var. sprengeri 武竹
1378,  Euphorbiaceae 大戟科/Sapium discolor 白桕
1379,  Euphorbiaceae 大戟科/Acalypha reptans 紅尾鐵莧
1380,  Anacardiaceae 漆樹科/Rhus sylvestris 野漆樹
1381,  Moraceae 桑科/Artocarpus heterophyllus 波羅蜜
1382,  Pteridaceae 鳳尾蕨科/Pteris fauriei 傅氏鳳尾蕨
1383,  Convolvulaceae 旋花科/Erycibe henryi 亨利氏伊立基藤
1384,  Ericaceae 杜鵑花科/Vaccinium wrightii 大葉越橘
1385,  Campanulaceae 桔梗科/Adenophora morrisonensis 玉山沙參
1386,  Polypodiaceae 水龍骨科/Pyrrosia polydactyla 槭葉石葦
1387,  Ranunculaceae 毛茛科/Thalictrum urbainii 傅氏唐松草
1388,  Amaranthaceae 莧科/Achyranthes aspera var. indica 印度牛膝
1389,  Tectariaceae 三叉蕨科/Tectaria phaeocaulis 蛇脈三叉蕨
1390,  Ericaceae 杜鵑花科/Vaccinium dunalianum var. caudatifolium 珍珠花
1391,  Begoniaceae 秋海棠科/Begonia fenicis 蘭嶼秋海棠
1392,  Hydrangeaceae 八仙花科/Cardiandra formosana 台灣草紫陽花
1393,  Euphorbiaceae 大戟科/Acalypha australis 鐵莧菜
1394,  Fabaceae 豆科/Maackia taiwanensis 台灣馬鞍樹
1395,  Grossulariaceae 茶藨子科/Ribes formosanum 台灣茶藨子
1396,  Ebenaceae 柿樹科/Diospyros ferrea 象牙柿
1397,  Lamiaceae 唇形科/Comanthosphace formosana 台灣白木草
1398,  Lycopodiaceae 石松科/Huperzia serrata 千層塔
1399,  Urticaceae 蕁麻科/Lecanthus peduncularis 長梗盤花麻
1400,  Theaceae 茶科/Camellia caudata 尾葉山茶
1401,  Lamiaceae 唇形科/Callicarpa randaiensis 巒大紫珠
1402,  Asteraceae 菊科/Eupatorium kirunense 基隆澤蘭
1403,  Lauraceae 樟科/Cinnamomum macrostemon 胡氏肉桂
1404,  Fagaceae 殼斗科/Castanopsis indica 印度苦櫧
1405,  Sapindaceae 無患子科/Euphoria longana 龍眼
1406,  Lindsaeaceae 陵齒蕨科/Sphenomeris chusana 烏蕨
1407,  Sabiaceae 清風藤科/Meliosma rigida 筆羅子
1408,  Ericaceae 杜鵑花科/Rhododendron kawakamii 著生杜鵑
1409,  Fabaceae 豆科/Vigna angularis 紅豆
1410,  Asteraceae 菊科/Eupatorium clematideum 田代氏澤蘭
1411,  Melastomataceae 野牡丹科/Bredia hirsuta var. rotundifolia 圓葉布勒德藤
1412,  Loranthaceae 桑寄生科/Taxillus ritozanensis 李棟山桑寄生
1413,  Asparagaceae 天門冬科/Maianthemum formosanum 台灣鹿藥
1414,  Araliaceae 五加科/Hedera rhombea var. formosana 台灣常春藤
1415,  Brassicaceae 十字花科/Eutrema japonicum 山葵
1416,  Cannabaceae 大麻科/Celtis sinensis 朴樹
1417,  Liliaceae 百合科/Tricyrtis formosana var. grandiflora 大花油點草
1418,  Myrtaceae 桃金孃科/Acmena acuminatissima 賽赤楠
1419,  Fabaceae 豆科/Hylodesmum laterale 琉球山螞蝗
1420,  Passifloraceae 西番蓮科/Passiflora raedulis 百香果
1421,  Putranjivaceae 非洲核果木科/Drypetes karapinensis 交力坪鐵色
1422,  Lamiaceae 唇形科/Lamium tuberiferum 塊莖小野芝麻
1423,  Lamiaceae 唇形科/Callicarpa pilosissima 細葉紫珠
1424,  Primulaceae 櫻草科/Anagallis minima 小海綠
1425,  Anacardiaceae 漆樹科/Spondias cythera 太平洋桲
1426,  Rosaceae 薔薇科/Malus doumeri 台灣蘋果
1427,  Rubiaceae 茜草科/Rubia lanceolata 金劍草
1428,  Rosaceae 薔薇科/Rubus taitoensis 臺東刺花懸鉤子
1429,  Cannabaceae 大麻科/Celtis formosana 石朴
1430,  Rubiaceae 茜草科/Tricalysia dubia 狗骨仔
1431,  Apiaceae 繖形科/Osmorhiza aristata 臭根
1432,  Boraginaceae 紫草科/Bothriospermum zeylanicum 細纍子草
1433,  Araliaceae 五加科/Dendropanax dentiger 台灣樹參
1434,  Ericaceae 杜鵑花科/Rhododendron ovatum 馬銀花
1435,  Ericaceae 杜鵑花科/Rhododendron leptosanthum 西施花
1436,  Linderniaceae 母草科/Lindernia ruellioides 旱田草
1437,  Polypodiaceae 水龍骨科/Crypsinus hastatus 三葉茀蕨
1438,  Isoetaceae 水韭科/Isoetes taiwanensis 台灣水韭
1439,  Athyriaceae 蹄蓋蕨科/Diplazium subsinuatum 單葉雙蓋蕨
1440,  Acanthaceae 爵床科/Strobilanthes rankanensis 蘭崁馬藍
1441,  Ulmaceae 榆科/Ulmus uyematsui 阿里山榆
1442,  Fabaceae 豆科/Mucuna gigantea subsp. tashiroi 大血藤
1443,  Rosaceae 薔薇科/Pyrus taiwanensis 台灣野梨
1444,  Phyllanthaceae 葉下珠科/Phyllanthus oligospermus 新竹油柑
1445,  Myrtaceae 桃金孃科/Syzygium tripinnatum 大花赤楠
1446,  Asteraceae 菊科/Wedelia prostrata 天蓬草舅
1447,  Fabaceae 豆科/Trifolium dudium 黃椒草
1448,  Asteraceae 菊科/Blumea lacera 生毛將軍
1449,  Fabaceae 豆科/Pisum sativum 豌豆
1450,  Caprifoliaceae 忍冬科/Lonicera kawakamii 川上氏忍冬
1451,  Primulaceae 櫻草科/Stimpsonia chamaedryoides 施丁草
1452,  Ericaceae 杜鵑花科/Gaultheria cumingiana 白珠樹
1453,  Lamiaceae 唇形科/Clinopodium brownei 伏生風輪菜
1454,  Asteraceae 菊科/Picris hieracioides subsp. morrisonensis 玉山毛連菜
1455,  Pentaphylacaceae 五列木科/Eurya glaberrima 厚葉柃木
1456,  Lamiaceae 唇形科/Teucrium taiwanianum 台灣香科科
1457,  Phyllanthaceae 葉下珠科/Glochidion acuminatum 裏白饅頭果
1458,  Orobanchaceae 列當科/Striga lutea 獨腳金
1459,  Polypodiaceae 水龍骨科/Lepisorus monilisorus 擬笈瓦葦
1460,  Pteridaceae 鳳尾蕨科/Pteris multifida 鳳尾蕨
1461,  Orchidaceae 蘭科/Staurochilus luchuensis 豹紋蘭
1462,  Apocynaceae 夾竹桃科/Alyxia sibuyanensis 蘭嶼念珠藤
1463,  Rosaceae 薔薇科/Rosa luciae 光葉薔薇
1464,  Papaveraceae 罌粟科/Corydalis decumbens 伏莖紫菫
1465,  Caryophyllaceae 石竹科/Silene morrisonmontana 玉山蠅子草
1466,  Ericaceae 杜鵑花科/Pyrola alboreticulata 斑紋鹿蹄草
1467,  Ericaceae 杜鵑花科/Lyonia ovalifolia 南燭
1468,  Schisandraceae 五味子科/Illicium arborescens 台灣八角
1469,  Lauraceae 樟科/Phoebe formosana 台灣雅楠
1470,  Ericaceae 杜鵑花科/Rhododendron rubropilosum var. taiwanalpinum 台灣高山杜鵑
1471,  Campanulaceae 桔梗科/Campanula dimorphantha 桔梗
1472,  Lamiaceae 唇形科/Rosmarinus officinalis 迷迭香
1473,  Adoxaceae 五福花科/Viburnum urceolatum 壺花莢蒾
1474,  Malvaceae 錦葵科/Grewia eriocarpa 大葉捕魚木
1475,  Melastomataceae 野牡丹科/Sarcopyramis napalensis var. bodinieri 肉穗野牡丹
1476,  Lauraceae 樟科/Beilschmiedia erythrophloia 瓊楠
1477,  Asparagaceae 天門冬科/Agave americana var. variegata 黃斑龍舌蘭
1478,  Orchidaceae 蘭科/Thrixspermum saruwatarii 小白蛾蘭
1479,  Lauraceae 樟科/Litsea akoensis 屏東木薑子
1480,  Asteraceae 菊科/Blumea lanceolaria 走馬胎
1481,  Fabaceae 豆科/Sesbania sesban 印度田菁
1482,  Adoxaceae 五福花科/Viburnum integrifolium 玉山糯米樹
1483,  Liliaceae 百合科/Tricyrtis suzukii 鈴木氏油點草
1484,  Orchidaceae 蘭科/Liparis bootanensis 一葉羊耳蒜
1485,  Polypodiaceae 水龍骨科/Colysis wrightii 萊氏線蕨
1486,  Gleicheniaceae 裏白科/Dicranopteris linearis var. tetraphylla 蔓芒萁
1487,  Davalliaceae 骨碎補科/Humata griffithiana 杯狀蓋陰石蕨
1488,  Asteraceae 菊科/Hieracium morii 森氏山柳菊
1489,  Orchidaceae 蘭科/Collabium chinense 柯麗白蘭
1490,  Asteraceae 菊科/Artemisia morrisonensis 細葉山艾
1491,  Lauraceae 樟科/Cinnamomum insularimontanum 台灣肉桂
1492,  Loranthaceae 桑寄生科/Taxillus rhododendricolus 杜鵑桑寄生
1493,  Apiaceae 繖形科/Angelica morrisonicola 玉山當歸
1494,  Plagiogyriaceae 瘤足蕨科/Plagiogyria dunnii 倒葉瘤足蕨
1495,  Urticaceae 蕁麻科/Elatostema trilobulatum 裂葉樓梯草
1496,  Rosaceae 薔薇科/Rubus ritozanensis 李棟山懸鉤子
1497,  Rosaceae 薔薇科/Rubus pectinellus 刺萼寒莓
1498,  Apocynaceae 夾竹桃科/Melodinus angustifolius 山橙
1499,  Sabiaceae 清風藤科/Sabia transarisanensis 阿里山清風藤
1500,  Piperaceae 胡椒科/Peperomia sandersii 西瓜皮椒草
1501,  Campanulaceae 桔梗科/Codonopsis kawakamii 玉山山奶草
1502,  Lauraceae 樟科/Cinnamomum micranthum 冇樟
1503,  Asteraceae 菊科/Gynura divaricata subsp. formosana 白鳳菜
1504,  Rosaceae 薔薇科/Rubus morii 尾葉懸鉤子
1505,  Pteridaceae 鳳尾蕨科/Vittaria flexuosa 書帶蕨
1506,  Primulaceae 櫻草科/Ardisia virens 黑星紫金牛
1507,  Acanthaceae 爵床科/Justicia gendarussa 尖尾鳳
1508,  Marantaceae 竹芋科/Calathea makoyana 孔雀竹芋
1509,  Vitaceae 葡萄科/Leea guineensis 火筒樹
1510,  Hymenophyllaceae 膜蕨科/Vandenboschia auriculata 瓶蕨
1511,  Davalliaceae 骨碎補科/Nephrolepis multiflora 毛葉腎蕨
1512,  Rhamnaceae 鼠李科/Ventilago leiocarpa 光果翼核木
1513,  Orchidaceae 蘭科/Gastrochilus raraensis 紅檜松蘭
1514,  Pteridaceae 鳳尾蕨科/Vittaria anguste-elongata 姬書帶蕨
1515,  Ericaceae 杜鵑花科/Rhododendron noriakianum 細葉杜鵑
1516,  Euphorbiaceae 大戟科/Euphorbia cyathophora 猩猩草
1517,  Fagaceae 殼斗科/Lithocarpus shinsuiensis 浸水營石櫟
1518,  Vitaceae 葡萄科/Tetrastigma hemsleyanum 翼柄崖爬藤
1519,  Araliaceae 五加科/Hydrocotyle keelungensis 基隆天胡荽
1520,  Athyriaceae 蹄蓋蕨科/Cornopteris opaca 黑葉貞蕨
1521,  Polygalaceae 遠志科/Polygala paniculata 圓錐花遠志
1522,  Tectariaceae 三叉蕨科/Tectaria subtriphylla 三叉蕨
1523,  Juncaceae 燈心草科/Luzula taiwaniana 台灣地楊梅
1524,  Clusiaceae 藤黃科/Garcinia mangostana 鳳果
1525,  Berberidaceae 小檗科/Berberis morrisonensis 玉山小檗
1526,  Rosaceae 薔薇科/Fragaria hayatae 台灣草莓
1527,  Orchidaceae 蘭科/Cleisostoma acuminatum 黃繡球蘭
1528,  Fabaceae 豆科/Kummerowia striata 雞眼草
1529,  Plantaginaceae 車前科/Limnophila rugosa 大葉石龍尾
1530,  Celastraceae 衛矛科/Tripterygium wilfordii 雷公藤
1531,  Lamiaceae 唇形科/Callicarpa tikusikensis 銳葉紫珠
1532,  Gleicheniaceae 裏白科/Diplopterygium blotianum 逆羽裏白
1533,  Rhamnaceae 鼠李科/Sageretia randaiensis 巒大雀梅藤
1534,  Fagaceae 殼斗科/Quercus globosa 圓果青剛櫟
1535,  Apocynaceae 夾竹桃科/Tylophora oshimae 疏花鷗蔓
1536,  Lamiaceae 唇形科/Vitex quinata 山埔姜
1537,  Cyatheaceae 桫欏科/Cyathea loheri 南洋桫欏
1538,  Betulaceae 樺木科/Carpinus kawakamii 阿里山千金榆
1539,  Zingiberaceae 薑科/Alpinia shimadae 島田氏月桃
1540,  Ericaceae 杜鵑花科/Vaccinium japonicum var. lasiostemon 毛蕊花
1541,  Araliaceae 五加科/Osmoxylon pectinatum 蘭嶼八角金盤
1542,  Orchidaceae 蘭科/Bulbophyllum fimbriperianthium 流蘇豆蘭
1543,  Euphorbiaceae 大戟科/Suregada aequorea 白樹仔
1544,  Hymenophyllaceae 膜蕨科/Gonocormus minutus 團扇蕨
1545,  Fabaceae 豆科/Lotus corniculatus subsp. japonicus 百脈根
1546,  Violaceae 堇菜科/Viola formosana 台灣堇菜
1547,  Lauraceae 樟科/Lindera erythrocarpa 鐵釘樹
1548,  Mazaceae 通泉科/Mazus alpinus 高山通泉草
1549,  Cannabaceae 大麻科/Aphananthe aspera 糙葉樹
1550,  Liliaceae 百合科/Rohdea japonica var. watanabei 渡邊氏萬年青
1551,  Apiaceae 繖形科/Torilis scabra 紫花竊衣
1552,  Aquifoliaceae 冬青科/Ilex crenata 假黃楊
1553,  Urticaceae 蕁麻科/Pilea elliptifolia 橢圓葉冷水麻
1554,  Begoniaceae 秋海棠科/Begonia palmata 裂葉秋海棠
1555,  Acanthaceae 爵床科/Hemigraphis primulifolia 恆春半插花
1556,  Salicaceae 楊柳科/Salix fulvopubescens var. tagawana 白毛柳
1557,  Loranthaceae 桑寄生科/Taxillus matsudai 松寄生
1558,  Ranunculaceae 毛茛科/Ranunculus taisanensis 鹿場毛茛
1559,  Euphorbiaceae 大戟科/Mallotus tiliifolius 椴葉野桐
1560,  Fagaceae 殼斗科/Quercus tatakaensis 銳葉高山櫟
1561,  Poaceae 禾本科/Cymbopogon nardus 香茅
1562,  Fabaceae 豆科/Mucuna pruriens var. utilis 虎爪豆
1563,  Gleicheniaceae 裏白科/Diplopterygium chinensis 中華裏白
1564,  Fagaceae 殼斗科/Quercus hypophaea 灰背櫟
1565,  Asteraceae 菊科/Acmella paniculata 金鈕扣
1566,  Primulaceae 櫻草科/Myrsine stolonifera 蔓竹杞
1567,  Melastomataceae 野牡丹科/Astronia formosana 大野牡丹
1568,  Rubiaceae 茜草科/Ophiorrhiza hayatana 早田氏蛇根草
1569,  Ranunculaceae 毛茛科/Clematis gouriana subsp. lishanensis 梨山小蓑衣藤
1570,  Buxaceae 黃楊科/Buxus liukiuensis 琉球黃楊
1571,  Fabaceae 豆科/Callerya nitida 光葉魚藤
1572,  Balanophoraceae 蛇菰科/Balanophora wrightii 海桐生蛇菰
1573,  Fabaceae 豆科/Ohwia caudata 小槐花
1574,  Apiaceae 繖形科/Chaerophyllum involucratum 山薰香
1575,  Rutaceae 芸香科/Toddalia asiatica 飛龍掌血
1576,  Heliotropiaceae 天芹菜科/Heliotropium formosanum 山豆根
1577,  Aristolochiaceae 馬兜鈴科/Aristolochia cucurbitifolia 瓜葉馬兜鈴
1578,  Euphorbiaceae 大戟科/Liodendron formosanum 台灣假黃楊
1579,  Ericaceae 杜鵑花科/Rhododendron rubropilosum 紅毛杜鵑
1580,  Cucurbitaceae 瓜科/Zehneria mucronata 黑果馬㼎兒
1581,  Araceae 天南星科/Alocasia cucullata 台灣姑婆芋
1582,  Urticaceae 蕁麻科/Pilea funkikensis 奮起湖冷水麻
1583,  Lauraceae 樟科/Cryptocarya concinna 土楠
1584,  Rhamnaceae 鼠李科/Ventilago elegans 翼核木
1585,  Davalliaceae 骨碎補科/Davallia mariesii 海州骨碎補
1586,  Acanthaceae 爵床科/Dipteracanthus repens 蘆利草
1587,  Dipteridaceae 雙扇蕨科/Cheiropleuria bicuspis 燕尾蕨
1588,  Acanthaceae 爵床科/Hygrophila difformis 異葉水蓑衣
1589,  Plagiogyriaceae 瘤足蕨科/Plagiogyria rankanensis 瘤足蕨
1590,  Orchidaceae 蘭科/Calanthe actinomorpha 輻形根節蘭
1591,  Symplocaceae 灰木科/Symplocos nokoensis 能高山灰木
1592,  Amaranthaceae 莧科/Alternanthera bettzickiana 毛蓮子草
1593,  Lauraceae 樟科/Neolitsea aciculata var. variabillima 變葉新木薑子
1594,  Orchidaceae 蘭科/Flickingeria tairukounia 輻射暫花蘭
1595,  Melanthiaceae 黑葯花科/Paris polyphylla var. stenophylla 狹葉七葉一枝花
1596,  Piperaceae 胡椒科/Piper taiwanense 台灣荖藤
1597,  Crassulaceae 景天科/Hylotelephium subcapitatum 穗花八寶
1598,  Aristolochiaceae 馬兜鈴科/Aristolochia zollingeriana 港口馬兜鈴
1599,  Meliaceae 楝科/Aglaia formosana 紅柴
1600,  Fabaceae 豆科/Pueraria lobata subsp. thomsonii 大葛藤
1601,  Orchidaceae 蘭科/Bulbophyllum chitouense 溪頭豆蘭
1602,  Cyatheaceae 桫欏科/Cyathea metteniana 台灣樹蕨
1603,  Vitaceae 葡萄科/Tetrastigma formosanum 三葉崖爬藤
1604,  Blechnaceae 烏毛蕨科/Brainea insignis 蘇鐵蕨
1605,  Polypodiaceae 水龍骨科/Pyrrosia sheareri 盧山石葦
1606,  Orchidaceae 蘭科/Epipactis helleborine subsp. ohwii 台灣鈴蘭
1607,  Polypodiaceae 水龍骨科/Microsorum membranaceum 膜葉星蕨
1608,  Pentaphylacaceae 五列木科/Eurya rengechiensis 蓮華池柃木
1609,  Rubiaceae 茜草科/Galium formosense 圓葉豬殃殃
1610,  Rubiaceae 茜草科/Rubia linii 林氏茜草
1611,  Araceae 天南星科/Arisaema grapsospadix 毛筆天南星
1612,  Piperaceae 胡椒科/Peperomia sui 紅莖椒草
1613,  Euphorbiaceae 大戟科/Omalanthus fastuosus 圓葉血桐
1614,  Dryopteridaceae 鱗毛蕨科/Dryopteris varia 南海鱗毛蕨
1615,  Pinaceae 松科/Pinus fragilissima 天龍二葉松
1616,  Theaceae 茶科/Pyrenaria shinkoensis 烏皮茶
1617,  Polypodiaceae 水龍骨科/Microsorum buergerianum 波氏星蕨
1618,  Rubiaceae 茜草科/Tarenna gracilipes 薄葉玉心花
1619,  Urticaceae 蕁麻科/Pilea somai 細葉冷水麻
1620,  Vitaceae 葡萄科/Tetrastigma umbellatum 台灣崖爬藤
1621,  Lamiaceae 唇形科/Scutellaria tashiroi 田代氏黃芩
1622,  Rosaceae 薔薇科/Rubus kawakamii 桑葉懸鉤子
1623,  Araceae 天南星科/Rhaphidophora aurea 黃金葛
1624,  Polypodiaceae 水龍骨科/Colysis elliptica 橢圓線蕨
1625,  Asteraceae 菊科/Cirsium lineare 華薊
1626,  Fabaceae 豆科/Entada pursaetha var. formosana 台灣鴨腱藤
1627,  Aspleniaceae 鐵角蕨科/Asplenium normale 生芽鐵角蕨
1628,  Lamiaceae 唇形科/Gomphostemma callicarpoides 台灣錐花
1629,  Phrymaceae 透骨草科/Mimulus tenellus var. japonicus 尼泊爾溝酸漿
1630,  Begoniaceae 秋海棠科/Begonia chitoensis 溪頭秋海棠
1631,  Lauraceae 樟科/Lindera glauca 白葉釣樟
1632,  Musaceae 芭蕉科/Musa basjoo var. formosana 台灣芭蕉
1633,  Dryopteridaceae 鱗毛蕨科/Dryopteris formosana 台灣鱗毛蕨
1634,  Loranthaceae 桑寄生科/Loranthus kaoi 高氏桑寄生
1635,  Acanthaceae 爵床科/Hypoestes purpurea 六角英
1636,  Pentaphylacaceae 五列木科/Eurya strigillosa 粗毛柃木
1637,  Marattiaceae 觀音座蓮科/Archangiopteris somai 台灣原始觀音座蓮
1638,  Phyllanthaceae 葉下珠科/Glochidion zeylanicum var. tomentosum 赤血仔
1639,  Loranthaceae 桑寄生科/Scurrula tsaii 蓮花池寄生
1640,  Zingiberaceae 薑科/Alpinia pricei var. sessiliflora 阿里山月桃
1641,  Gleicheniaceae 裏白科/Diplopterygium glaucum 裏白
1642,  Araliaceae 五加科/Dizygotheca elegantissima 孔雀木
1643,  Linderniaceae 母草科/Lindernia procumbens 陌上草
1644,  Anacardiaceae 漆樹科/Semecarpus gigantifolius 臺東漆樹
1645,  Theaceae 茶科/Camellia transarisanensis 阿里山茶
1646,  Magnoliaceae 木蘭科/Magnolia kachirachirai 烏心石舅
1647,  Asphodelaceae 金穗花科/Aloe vera var. chinensis 蘆薈
1648,  Berberidaceae 小檗科/Berberis brevisepala 高山小檗
1649,  Lauraceae 樟科/Litsea acuminata 長葉木薑子
1650,  Salviniaceae 槐葉蘋科/Azolla pinnata 滿江紅
1651,  Lamiaceae 唇形科/Callicarpa formosana var. glabrata 六龜粗糠樹
1652,  Primulaceae 櫻草科/Ardisia pusilla 輪葉紫金牛
1653,  Begoniaceae 秋海棠科/Begonia austrotaiwanensis 南台灣秋海棠
1654,  Acanthaceae 爵床科/Rungia chinensis 明萼草
1655,  Asteraceae 菊科/Carpesium abrotanoides 天名精
1656,  Rosaceae 薔薇科/Prunus taiwaniana 霧社山櫻花
1657,  Brassicaceae 十字花科/Raphanus sativus 萊菔
1658,  Lamiaceae 唇形科/Scutellaria playfairii 布烈氏黃芩
1659,  Asteraceae 菊科/Eupatorium lindleyanum 林氏澤蘭
1660,  Lamiaceae 唇形科/Scutellaria taiwanensis 台灣黃芩
1661,  Euphorbiaceae 大戟科/Euphorbia heterophylla 白苞猩猩草
1662,  Apiaceae 繖形科/Sanicula petagnioides 五葉山芹菜
1663,  Fabaceae 豆科/Indigofera glandulifera 腺葉木藍
1664,  Cucurbitaceae 瓜科/Thladiantha punctata 斑花青牛膽
1665,  Orchidaceae 蘭科/Taeniophyllum complanatum 扁蜘蛛蘭
1666,  Cupressaceae 柏科/Juniperus chinensis var. taiwanensis 清水圓柏
1667,  Fagaceae 殼斗科/Quercus morii 赤柯
1668,  Araceae 天南星科/Colocasia konishii 山芋
1669,  Sapindaceae 無患子科/Acer kawakamii 尖葉槭
1670,  Poaceae 禾本科/Arundo formosana 台灣蘆竹
1671,  Rosaceae 薔薇科/Filipendula kiraishiensis 台灣蚊子草
1672,  Diapensiaceae 岩梅科/Shortia rotundifolia var. transalpina 高山裂緣花
1673,  Gentianaceae 龍膽科/Tripterospermum cordifolium 高山肺形草
1674,  Dryopteridaceae 鱗毛蕨科/Arachniodes aristata 細葉複葉耳蕨
1675,  Lamiaceae 唇形科/Melissa axillaris 蜜蜂花
1676,  Nartheciaceae 蒟蒻薯科/Aletris formosana 台灣粉條兒菜
1677,  Pteridaceae 鳳尾蕨科/Pteris longipinna 長葉鳳尾蕨
1678,  Begoniaceae 秋海棠科/Begonia ravenii 岩生秋海棠
1679,  Dennstaedtiaceae 碗蕨科/Dennstaedtia scabra 碗蕨
1680,  Crassulaceae 景天科/Sedum nokoense 能高佛甲草
1681,  Burseraceae 橄欖科/Canarium album 橄欖
1682,  Brassicaceae 十字花科/Brassica campestris subsp. pekinensis 結球白菜
1683,  Aquifoliaceae 冬青科/Ilex formosana 糊樗
1684,  Thymelaeaceae 瑞香科/Wikstroemia taiwanensis 台灣蕘花
1685,  Violaceae 堇菜科/Viola nagasawae 臺北堇菜
1686,  Ericaceae 杜鵑花科/Rhododendron chilanshanense 棲蘭山杜鵑
1687,  Asteraceae 菊科/Ainsliaea fragrans 香鬼督郵
1688,  Rhamnaceae 鼠李科/Sageretia thea var. taiwaniana 台灣雀梅藤
1689,  Convolvulaceae 旋花科/Argyreia formosana 鈍葉朝顏
1690,  Daphniphyllaceae 虎皮楠科/Daphniphyllum glaucescens var. lanyuense 蘭嶼虎皮楠
1691,  Thelypteridaceae 金星蕨科/Ampelopteris prolifera 星毛蕨
1692,  Acanthaceae 爵床科/Lepidagathis inaequalis 卵葉鱗球花
1693,  Daphniphyllaceae 虎皮楠科/Daphniphyllum glaucescens var. kengii 耿氏虎皮楠
1694,  Euphorbiaceae 大戟科/Jatropha gossypiifolia var. elegans 紅葉麻瘋樹
1695,  Adoxaceae 五福花科/Viburnum arboricola 著生珊瑚樹
1696,  Fagaceae 殼斗科/Lithocarpus dodonaeifolius 柳葉石櫟
1697,  Daphniphyllaceae 虎皮楠科/Daphniphyllum himalayense subsp. macropodum 薄葉虎皮楠
1698,  Asteraceae 菊科/Cirsium japonicum var. takaoense 白花小薊
1699,  Colchicaceae 秋水仙科/Disporum nantouense 南投寶鐸花
1700,  Connaraceae 牛栓藤科/Rourea minor 紅葉藤
1701,  Campanulaceae 桔梗科/Lobelia cliffortiana 克氏半邊蓮
1702,  Buxaceae 黃楊科/Buxus microphylla subsp. sinica 黃楊
1703,  Cannabaceae 大麻科/Celtis nervosa 小葉朴
1704,  Fabaceae 豆科/Christia campanulata 蝙蝠草
1705,  Cucurbitaceae 瓜科/Zehneria japonica 馬㼎兒
1706,  Fabaceae 豆科/Dumasia villosa subsp. bicolor 台灣山黑扁豆
1707,  Zingiberaceae 薑科/Zingiber oligophyllum 少葉薑
1708,  Onagraceae 柳葉菜科/Epilobium hohuanense 合歡柳葉菜
1709,  Dryopteridaceae 鱗毛蕨科/Peranema cyatheoides 柄囊蕨
1710,  Oleaceae 木犀科/Ligustrum morrisonense 玉山女貞
1711,  Rosaceae 薔薇科/Cotoneaster morrisonensis 玉山舖地蜈蚣
1712,  Symplocaceae 灰木科/Symplocos chinensis 灰木
1713,  Acanthaceae 爵床科/Justicia procumbens var. hirsuta 密毛爵床
1714,  Lauraceae 樟科/Litsea morrisonensis 玉山木薑子
1715,  Linderniaceae 母草科/Lindernia anagallis 定經草
1716,  Plantaginaceae 車前科/Veronicastrum loshanense 羅山腹水草
1717,  Euphorbiaceae 大戟科/Mallotus paniculatus var. formosanus 台灣白匏子
1718,  Orchidaceae 蘭科/Ponerorchis kiraishiensis 紅小蝶蘭
1719,  Orchidaceae 蘭科/Habenaria longiracema 長穗玉鳳蘭
1720,  Lamiaceae 唇形科/Premna odorata 毛魚臭木
1721,  Pteridaceae 鳳尾蕨科/Pteris dispar 天草鳳尾蕨
1722,  Lauraceae 樟科/Litsea coreana 鹿皮斑木薑子
1723,  Araliaceae 五加科/Hydrocotyle dichondroides 毛天胡荽
1724,  Rhamnaceae 鼠李科/Rhamnus nakaharae 中原氏鼠李
1725,  Lauraceae 樟科/Litsea glutinosa 潺槁樹
1726,  Athyriaceae 蹄蓋蕨科/Diplazium kawakamii 川上氏雙蓋蕨
1727,  Menispermaceae 防己科/Cyclea ochiaiana 台灣土防己
1728,  Violaceae 堇菜科/Viola shinchikuensis 新竹堇菜
1729,  Rubiaceae 茜草科/Galium echinocarpum 刺果豬殃殃
1730,  Rosaceae 薔薇科/Prunus matuurae 太平山櫻花
1731,  Ehretiaceae 厚殼樹科/Ehretia resinosa 恆春厚殼樹
1732,  Fagaceae 殼斗科/Lithocarpus formosanus 台灣石櫟
1733,  Fabaceae 豆科/Gleditsia rolfei 恆春皂莢
1734,  Vitaceae 葡萄科/Cissus pteroclada 翼莖粉藤
1735,  Apocynaceae 夾竹桃科/Tylophora sui 蘇氏鷗蔓
1736,  Rosaceae 薔薇科/Rubus taiwanicola 台灣莓
1737,  Lamiaceae 唇形科/Salvia arisanensis 阿里山紫花鼠尾草
1738,  Moraceae 桑科/Ficus sarmentosa var. nipponica 珍珠蓮
1739,  Aquifoliaceae 冬青科/Ilex maximowicziana 倒卵葉冬青
1740,  Fagaceae 殼斗科/Lithocarpus nantoensis 南投石櫟
1741,  Dryopteridaceae 鱗毛蕨科/Dryopteris polita 臺東鱗毛蕨
1742,  Loganiaceae 馬錢科/Strychnos cathayensis 台灣馬錢
1743,  Zingiberaceae 薑科/Zingiber kawagoi 三奈
1744,  Aquifoliaceae 冬青科/Ilex ficoidea 台灣糊樗
1745,  Celastraceae 衛矛科/Celastrus hindsii 南華南蛇藤
1746,  Santalaceae 檀香科/Viscum multinerve 刀葉槲寄生
1747,  Ranunculaceae 毛茛科/Clematis psilandra 台灣牡丹藤
1748,  Aristolochiaceae 馬兜鈴科/Aristolochia kaempferi 大葉馬兜鈴
1749,  Moraceae 桑科/Ficus septica 稜果榕
1750,  Asteraceae 菊科/Dendranthema morii 森氏菊
1751,  Dennstaedtiaceae 碗蕨科/Microlepia strigosa 粗毛鱗蓋蕨
1752,  Dennstaedtiaceae 碗蕨科/Pteridium aquilinum subsp. wightianum 巒大蕨
1753,  Fabaceae 豆科/Zornia intecta 臺東葵草
1754,  Aristolochiaceae 馬兜鈴科/Asarum macranthum 大花細辛
1755,  Asteraceae 菊科/Notoseris formosana 台灣福王草
1756,  Oleaceae 木犀科/Osmanthus lanceolatus 銳葉木犀
1757,  Menyanthaceae 睡菜科/Nymphoides aurantiaca 金蓮花
1758,  Orchidaceae 蘭科/Gastrochilus hoii 何氏松蘭
1759,  Orchidaceae 蘭科/Lecanorchis thalassica 紋皿柱蘭
1760,  Orchidaceae 蘭科/Listera macrantha 大花雙葉蘭
1761,  Dennstaedtiaceae 碗蕨科/Dennstaedtia scandens 刺柄碗蕨
1762,  Fabaceae 豆科/Astragalus nokoensis 能高大山紫雲英
1763,  Symplocaceae 灰木科/Symplocos glauca 山羊耳
1764,  Crassulaceae 景天科/Kalanchoe garambiensis 鵝鑾鼻燈籠草
1765,  Musaceae 芭蕉科/Musa insularimontana 蘭嶼芭蕉
1766,  Pentaphylacaceae 五列木科/Adinandra lasiostyla 毛柱楊桐
1767,  Saxifragaceae 虎耳草科/Astilbe macroflora 阿里山落新婦
1768,  Moraceae 桑科/Ficus variegata var. garciae 幹花榕
1769,  Ebenaceae 柿樹科/Diospyros japonica 山柿
1770,  Moraceae 桑科/Ficus vaccinioides 越橘葉蔓榕
1771,  Pentaphylacaceae 五列木科/Eurya nitida var. nanjenshanensis 南仁山柃木
1772,  Anacardiaceae 漆樹科/Semecarpus cuneiformis 鈍葉大果漆
1773,  Pentaphylacaceae 五列木科/Anneslea lanceolata 細葉茶梨
1774,  Pittosporaceae 海桐科/Pittosporum daphniphylloides 大葉海桐
1775,  Orchidaceae 蘭科/Cymbidium lancifolium var. syunitianum 大竹柏蘭
1776,  Thelypteridaceae 金星蕨科/Pronephrium cuspidatum 頂芽新月蕨
1777,  Lindsaeaceae 陵齒蕨科/Sphenomeris biflora 闊片烏蕨
1778,  Fabaceae 豆科/Vigna umbellata 赤小豆
1779,  Primulaceae 櫻草科/Lysimachia candida 澤珍珠菜
1780,  Aquifoliaceae 冬青科/Ilex pedunculosa 刻脈冬青
1781,  Moraceae 桑科/Ficus nervosa 九丁榕
1782,  Aponogetonaceae 水蕹科/Aponogeton taiwanensis 水蕹
1783,  Rutaceae 芸香科/Severinia buxifolia 烏柑仔
1784,  Rubiaceae 茜草科/Lasianthus appressihirtus var. maximus 大葉密毛雞屎樹
1785,  Asteraceae 菊科/Cirsium ferum 鱗毛薊
1786,  Capparaceae 山柑科/Crateva adansonii subsp. formosensis 魚木
1787,  Heliconiaceae 蝎尾蕉科/Heliconia psittacorum 豔紅赫蕉
1788,  Dipentodontaceae 十萼花科/Perrottetia arisanensis 佩羅特木
1789,  Cyperaceae 莎草科/Fimbristylis microcarya 臺北飄拂草
1790,  Bignoniaceae 紫葳科/Tecoma jasminoides 洋凌霄
1791,  Crassulaceae 景天科/Sedum actinocarpum 星果佛甲草
1792,  Begoniaceae 秋海棠科/Begonia taiwaniana 台灣秋海棠
1793,  Saxifragaceae 虎耳草科/Mitella formosana 台灣嗩吶草
1794,  Sapindaceae 無患子科/Acer albopurpurascens 樟葉槭
1795,  Rosaceae 薔薇科/Rubus lambertianus 高梁泡
1796,  Araceae 天南星科/Colocasia formosana 台灣青芋
1797,  Fabaceae 豆科/Glycine dolichocarpa 扁豆莢大豆
1798,  Symplocaceae 灰木科/Symplocos migoi 擬日本灰木
1799,  Dryopteridaceae 鱗毛蕨科/Bolbitis heteroclita 尾葉實蕨
1800,  Dryopteridaceae 鱗毛蕨科/Ctenitis subglandulosa 肋毛蕨
1801,  Apocynaceae 夾竹桃科/Cynanchum mooreanum 毛白前
1802,  Fagaceae 殼斗科/Castanopsis kusanoi 細刺苦櫧
1803,  Asteraceae 菊科/Cirsium suzukii 鈴木氏薊
1804,  Polypodiaceae 水龍骨科/Pyrrosia matsudai 松田氏石葦
1805,  Violaceae 堇菜科/Viola confusa 短毛堇菜
1806,  Euphorbiaceae 大戟科/Croton cascarilloides 裏白巴豆
1807,  Rutaceae 芸香科/Melicope semecarpifolia 山刈葉
1808,  Orchidaceae 蘭科/Brachycorythis peitawuensis 北大武苞葉蘭
1809,  Lamiaceae 唇形科/Salvia formosana 台灣紫花鼠尾草
1810,  Asteraceae 菊科/Nemosenecio formosanus 台灣劉寄奴
1811,  Asteraceae 菊科/Dendranthema arisanense 阿里山油菊
1812,  Euphorbiaceae 大戟科/Acalypha akoensis 屏東鐵莧
1813,  Vitaceae 葡萄科/Vitis thunbergii 細本葡萄
1814,  Smilacaceae 菝葜科/Smilax nantoensis 南投菝葜
1815,  Euphorbiaceae 大戟科/Macaranga sinensis 紅肉橙蘭
1816,  Scrophulariaceae 玄參科/Scrophularia yoshimurae 雙鋸齒玄參
1817,  Myrtaceae 桃金孃科/Syzygium kusukusense 高士佛赤楠
1818,  Poaceae 禾本科/Melocanna baccifera 梨果竹
1819,  Clusiaceae 藤黃科/Garcinia hombroniana 山鳳果
1820,  Menispermaceae 防己科/Tinospora dentata 恆春青牛膽
1821,  Rosaceae 薔薇科/Rosa taiwanensis 小金櫻
1822,  Apiaceae 繖形科/Chaerophyllum taiwanianum 台灣山薰香
1823,  Dryopteridaceae 鱗毛蕨科/Bolbitis subcordata 海南實蕨
1824,  Hypericaceae 金絲桃科/Hypericum geminiflorum 雙花金絲桃
1825,  Selaginellaceae 卷柏科/Selaginella moellendorffii 異葉卷柏
1826,  Moraceae 桑科/Malaisia scandens 盤龍木
1827,  Orchidaceae 蘭科/Bulbophyllum setaceum 鸛冠蘭
1828,  Orchidaceae 蘭科/Ponerorchis taiwanensis 台灣小蝶蘭
1829,  Urticaceae 蕁麻科/Elatostema hirtellipedunculatum 糙梗樓梯草
1830,  Aspleniaceae 鐵角蕨科/Asplenium neolaserpitiifolium 大黑柄鐵角蕨
1831,  Ranunculaceae 毛茛科/Thalictrum sessile 玉山唐松草
1832,  Malvaceae 錦葵科/Berrya ammonilla 六翅木
1833,  Melastomataceae 野牡丹科/Medinilla hayatana 蘭嶼野牡丹藤
1834,  Ranunculaceae 毛茛科/Ranunculus nankotaizanus 南湖毛茛
1835,  Rutaceae 芸香科/Tetradium glabrifolium 賊仔樹
1836,  Orchidaceae 蘭科/Dendrobium furcatopedicellatum 雙花石斛
1837,  Orchidaceae 蘭科/Liparis sootenzanensis 插天山羊耳蒜
1838,  Melastomataceae 野牡丹科/Otanthera scaberrima 糙葉耳葯花
1839,  Lamiaceae 唇形科/Paraphlomis javanica 假糙蘇
1840,  Euphorbiaceae 大戟科/Chamaesyce garanbiensis 鵝鑾鼻大戟
1841,  Asteraceae 菊科/Ixeridium transnokoense 能高刀傷草
1842,  Polypodiaceae 水龍骨科/Polypodium amoenum 阿里山水龍骨
1843,  Apiaceae 繖形科/Peucedanum formosanum 台灣前胡
1844,  Plantaginaceae 車前科/Veronica taiwanica 台灣水苦賈
1845,  Marantaceae 竹芋科/Calathea roseo-picta 彩虹竹芋
1846,  Rosaceae 薔薇科/Rubus pungens var. oldhamii 毛刺懸鉤子
1847,  Acanthaceae 爵床科/Justicia procumbens var. hayatae 早田氏爵床
1848,  Polygonaceae 蓼科/Rumex crispus var. japonicus 羊蹄
1849,  Rosaceae 薔薇科/Rubus fraxinifoliolus 梣葉懸鉤子
1850,  Apocynaceae 夾竹桃科/Alyxia sinensis 中國念珠藤
1851,  Dryopteridaceae 鱗毛蕨科/Dryopteris dickinsii 遠軸鱗毛蕨
1852,  Asparagaceae 天門冬科/Aspidistra daibuensis 大武蜘蛛抱蛋
1853,  Fabaceae 豆科/Chamaecrista garambiensis 鵝鑾鼻決明
1854,  Plantaginaceae 車前科/Limnophila taoyuanensis 桃園石龍尾
1855,  Oleaceae 木犀科/Osmanthus enervius 無脈木犀
1856,  Ranunculaceae 毛茛科/Trollius taihasenzanensis 台灣金蓮花
1857,  Theaceae 茶科/Camellia hengchunensis 恆春山茶
1858,  Moraceae 桑科/Fatoua villosa 小蛇麻
1859,  Rosaceae 薔薇科/Rubus pungens 刺懸鉤子
1860,  Aquifoliaceae 冬青科/Ilex pubescens 密毛假黃楊
1861,  Moraceae 桑科/Ficus pumila var. awkeotsang 愛玉子
1862,  Fabaceae 豆科/Ormosia hengchuniana 恆春紅豆樹
1863,  Orchidaceae 蘭科/Liparis nakaharae 長葉羊耳蒜
1864,  Rubiaceae 茜草科/Damnacanthus angustifolius 無刺伏牛花
1865,  Plantaginaceae 車前科/Veronicastrum kitamurae 高山腹水草
1866,  Rosaceae 薔薇科/Cotoneaster rosiflorus 粉紅花舖地蜈蚣
1867,  Urticaceae 蕁麻科/Boehmeria pilushanensis 畢祿山苧麻
1868,  Pteridaceae 鳳尾蕨科/Pteris ×wulaiensis 烏來鳳尾蕨
1869,  Poaceae 禾本科/Ischaemum aristatum 芒穗鴨嘴草
1870,  Melastomataceae 野牡丹科/Bredia dulanica 都蘭山金石榴
1871,  Orchidaceae 蘭科/Bulbophyllum electrinum var. sui 長軸捲瓣蘭
1872,  Asteraceae 菊科/Picris hieracioides subsp. ohwiana 高山毛連菜
1873,  Orchidaceae 蘭科/Listera meifongensis 梅峰雙葉蘭
1874,  Ranunculaceae 毛茛科/Thalictrum urbainii var. majus 大花傅氏唐松草
1875,  Gentianaceae 龍膽科/Swertia arisanensis 阿里山當藥
1876,  Ranunculaceae 毛茛科/Clematis tsugetorum 高山鐵線蓮
1877,  Ranunculaceae 毛茛科/Thalictrum rubescens 南湖唐松草
1878,  Orchidaceae 蘭科/Tuberolabium kotoense 管唇蘭
1879,  Dryopteridaceae 鱗毛蕨科/Acrophorus stipellatus 魚鱗蕨
1880,  Hydrangeaceae 八仙花科/Hydrangea longifolia 長葉繡球
1881,  Orobanchaceae 列當科/Euphrasia nankotaizanensis 南湖碎雪草
1882,  Asteraceae 菊科/Crepidiastrum taiwanianum 台灣假黃鵪菜
1883,  Thymelaeaceae 瑞香科/Wikstroemia mononectaria 紅蕘花
1884,  Crassulaceae 景天科/Sedum erythrospermum 紅子佛甲草
1885,  Athyriaceae 蹄蓋蕨科/Diplazium pseudodoederleinii 擬德氏雙蓋蕨
1886,  Ericaceae 杜鵑花科/Vaccinium merrillianum 高山越橘
1887,  Crassulaceae 景天科/Sedum microsepalum 小萼佛甲草
1888,  Geraniaceae 牻牛兒苗科/Geranium suzukii 山牻牛兒苗
1889,  Athyriaceae 蹄蓋蕨科/Diplazium doederleinii 德氏雙蓋蕨
1890,  Arecaceae 棕櫚科/Calamus formosanus 台灣水藤
1891,  Cannabaceae 大麻科/Celtis biondii 沙楠子樹
1892,  Acanthaceae 爵床科/Lepidagathis stenophylla 柳葉鱗球花
1893,  Arecaceae 棕櫚科/Pinanga tashiroi 山檳榔
1894,  Berberidaceae 小檗科/Berberis hayatana 早田氏小檗
1895,  Dryopteridaceae 鱗毛蕨科/Arachniodes pseudoaristata 小葉複葉耳蕨
1896,  Ebenaceae 柿樹科/Diospyros rhombifolia 菱葉柿
1897,  Orchidaceae 蘭科/Platanthera yangmeiensis 陰粉蝶蘭
1898,  Aquifoliaceae 冬青科/Ilex arisanensis 阿里山冬青
1899,  Acanthaceae 爵床科/Strobilanthes longespicatus 長穗馬藍
1900,  Dryopteridaceae 鱗毛蕨科/Polystichum parvipinnulum 尖葉耳蕨
1901,  Dryopteridaceae 鱗毛蕨科/Dryopteris hypophlebia 深山鱗毛蕨
1902,  Ranunculaceae 毛茛科/Clematis formosana 台灣鐵線蓮
1903,  Asteraceae 菊科/Dendranthema indicum 油菊
1904,  Caryophyllaceae 石竹科/Dianthus palinensis 巴陵石竹
1905,  Moraceae 桑科/Ficus microcarpa var. fuyuensis 傅園榕
1906,  Violaceae 堇菜科/Viola adenothrix 喜岩堇菜
1907,  Lauraceae 樟科/Litsea lii 李氏木薑子
1908,  Caryophyllaceae 石竹科/Silene fortunei 蠅子草
1909,  Clusiaceae 藤黃科/Garcinia dulcis 爪哇鳳果
1910,  Lauraceae 樟科/Cinnamomum reticulatum 土樟
1911,  Solanaceae 茄科/Solanum peikuoensis 白狗大山茄
1912,  Orchidaceae 蘭科/Gastrodia flexistyla 摺柱赤箭
1913,  Araceae 天南星科/Arisaema ilanense 宜蘭天南星
1914,  Violaceae 堇菜科/Viola mandshurica 紫花地丁
1915,  Vitaceae 葡萄科/Vitis kelungensis 基隆葡萄
1916,  Vitaceae 葡萄科/Tetrastigma lanyuense 蘭嶼崖爬藤
1917,  Cucurbitaceae 瓜科/Neoalsomitra integrifoliola 穿山龍
1918,  Orchidaceae 蘭科/Sunipia andersonii 綠花寶石蘭
1919,  Lauraceae 樟科/Machilus zuihoensis var. mushaensis 青葉楠
1920,  Elaeagnaceae 胡頹子科/Elaeagnus tarokoensis 太魯閣胡頹子
1921,  Saxifragaceae 虎耳草科/Chrysosplenium lanuginosum var. formosanum 台灣貓兒眼睛草
1922,  Asteraceae 菊科/Pertya simozawae 半高野帚
1923,  Caryophyllaceae 石竹科/Silene fortunei var. kiruninsularis 基隆蠅子草
1924,  Pentaphylacaceae 五列木科/Eurya leptophylla 薄葉柃木
1925,  Rosaceae 薔薇科/Rosa multiflora var. formosana 台灣野薔薇
1926,  Orchidaceae 蘭科/Bulbophyllum tokioi 小葉豆蘭
1927,  Adoxaceae 五福花科/Viburnum taitoense 臺東莢蒾
1928,  Fabaceae 豆科/Indigofera taiwaniana 台灣木藍
1929,  Rosaceae 薔薇科/Spiraea tarokoensis 太魯閣繡線菊
1930,  Rosaceae 薔薇科/Prunus transarisanensis 阿里山櫻花
1931,  Capparaceae 山柑科/Capparis sikkimensis subsp. formosana 山柑
1932,  Piperaceae 胡椒科/Piper kawakamii 恆春風藤
1933,  Orchidaceae 蘭科/Zeuxine integrilabella 全唇線柱蘭
1934,  Poaceae 禾本科/Saccharum sinense 甘蔗
1935,  Asteraceae 菊科/Aster oldhamii 台灣狗娃花
1936,  Asteraceae 菊科/Ainsliaea secundiflora 中原氏鬼督郵
1937,  Dryopteridaceae 鱗毛蕨科/Elaphoglossum angulatum 爪哇舌蕨
1938,  Fagaceae 殼斗科/Quercus longinux var. kuoi 郭氏錐果櫟
1939,  Dryopteridaceae 鱗毛蕨科/Dryopteris subatrata 細葉鱗毛蕨
1940,  Aquifoliaceae 冬青科/Ilex lonicerifolia 忍冬葉冬青
1941,  Rutaceae 芸香科/Citrus taiwanica 南庄橙
1942,  Rhamnaceae 鼠李科/Rhamnus pilushanensis 畢祿山鼠李
1943,  Thymelaeaceae 瑞香科/Daphne morrisonensis 玉山瑞香
1944,  Asteraceae 菊科/Gynura elliptica 蘭嶼木耳菜
1945,  Euphorbiaceae 大戟科/Excoecaria formosana 台灣土沉香
1946,  Urticaceae 蕁麻科/Gonostegia hirta 糯米團
1947,  Ericaceae 杜鵑花科/Vaccinium randaiense 巒大越橘
1948,  Urticaceae 蕁麻科/Parietaria taiwania 台灣牆草
1949,  Orchidaceae 蘭科/Vanilla albida 台灣凡尼蘭
1950,  Asteraceae 菊科/Aster formosanus 台灣山白蘭
1951,  Moraceae 桑科/Ficus tannoensis fo. rhombifolia 菱葉濱榕
1952,  Polygalaceae 遠志科/Polygala arcuata 巨葉花遠志
1953,  Dennstaedtiaceae 碗蕨科/Microlepia trichocarpa 毛果鱗蓋蕨
1954,  Lauraceae 樟科/Litsea acutivena 銳脈木薑子
1955,  Urticaceae 蕁麻科/Pouzolzia taiwaniana 台灣霧水葛
1956,  Orchidaceae 蘭科/Bulbophyllum rubrolabellum 紅心豆蘭
1957,  Lauraceae 樟科/Neolitsea parvigemma 小芽新木薑子
1958,  Poaceae 禾本科/Pseudosasa usawai 包籜箭竹
1959,  Lamiaceae 唇形科/Salvia keitaoensis 隱葯鼠尾草
1960,  Fabaceae 豆科/Crotalaria similis 鵝鑾鼻野百合
1961,  Crassulaceae 景天科/Kalanchoe gracilis 小燈籠草
1962,  Fabaceae 豆科/Dendrolobium dispermum 雙節山螞蝗
1963,  Asteraceae 菊科/Eupatorium amabile 腺葉澤蘭
1964,  Menispermaceae 防己科/Cyclea insularis 蘭嶼土防己
1965,  Orchidaceae 蘭科/Platanthera stenoglossa 狹唇粉蝶蘭
1966,  Celastraceae 衛矛科/Microtropis fokienensis 福建賽衛矛
1967,  Zingiberaceae 薑科/Alpinia tonrokuensis 屯鹿月桃
1968,  Vitaceae 葡萄科/Vitis thunbergii var. taiwaniana 小葉葡萄
1969,  Convolvulaceae 旋花科/Cuscuta japonica var. formosana 台灣菟絲子
1970,  Orchidaceae 蘭科/Oberonia seidenfadenii 密花小騎士蘭
1971,  Lamiaceae 唇形科/Callicarpa hypoleucophylla 灰背葉紫珠
1972,  Polypodiaceae 水龍骨科/Lepisorus pseudoussuriensis 擬烏蘇里瓦葦
1973,  Orchidaceae 蘭科/Nervilia lanyuensis 蘭嶼脈葉蘭
1974,  Orchidaceae 蘭科/Listera kuanshanensis 關山雙葉蘭
1975,  Colchicaceae 秋水仙科/Disporum kawakamii 台灣寶鐸花
1976,  Commelinaceae 鴨跖草科/Belosynapsis kawakamii 川上氏鴨舌疝
1977,  Rubiaceae 茜草科/Lasianthus microphyllus 小葉雞屎樹
1978,  Urticaceae 蕁麻科/Dendrocnide kotoensis 紅頭咬人狗
1979,  Rosaceae 薔薇科/Rosa pricei 太魯閣薔薇
1980,  Araliaceae 五加科/Hydrocotyle benguetensis 菲島天胡荽
1981,  Rosaceae 薔薇科/Rosa sericea var. morrisonensis 玉山野薔薇
1982,  Araliaceae 五加科/Schefflera odorata 鵝掌藤
1983,  Polypodiaceae 水龍骨科/Lepisorus megasorus 長柄瓦葦
1984,  Apiaceae 繖形科/Conioselinum morrisonense 玉山彎柱芎
1985,  Rutaceae 芸香科/Zanthoxylum ailanthoides 食茱萸
1986,  Rubiaceae 茜草科/Galium tarokoense 太魯閣豬殃殃
1987,  Arthropteridaceae 爬樹蕨科/Arthropteris palisotii 藤蕨
1988,  Crassulaceae 景天科/Sedum cryptomerioides 杉葉佛甲草
1989,  Primulaceae 櫻草科/Ardisia kusukuensis 高士佛紫金牛
1990,  Ranunculaceae 毛茛科/Ranunculus morii 森氏毛茛
1991,  Fabaceae 豆科/Galactia tenuiflora var. villosa 毛細花乳豆
1992,  Dennstaedtiaceae 碗蕨科/Monachosorum maximowiczii 岩穴蕨
1993,  Orchidaceae 蘭科/Listera taizanensis 大山雙葉蘭
1994,  Euphorbiaceae 大戟科/Croton tiglium 巴豆
1995,  Apiaceae 繖形科/Chaerophyllum nanhuense 南湖山薰香
1996,  Asparagaceae 天門冬科/Maianthemum harae 原氏鹿藥
1997,  Moraceae 桑科/Ficus ruficaulis var. antaoensis 蘭嶼落葉榕
1998,  Dryopteridaceae 鱗毛蕨科/Elaphoglossum pendulifolium 垂葉舌蕨
1999,  Orchidaceae 蘭科/Goodyera yamiana 蘭嶼金銀草
